header_seq,header_stamp,header_frame_id,t,pose_position_x,pose_position_y,pose_position_z,pose_orientation_x,pose_orientation_y,pose_orientation_z,pose_orientation_w,velocity_linear_x,velocity_linear_y,velocity_linear_z,velocity_angular_x,velocity_angular_y,velocity_angular_z,acceleration_linear_x,acceleration_linear_y,acceleration_linear_z,acceleration_angular_x,acceleration_angular_y,acceleration_angular_z,acc_bias_x,acc_bias_y,acc_bias_z,gyr_bias_x,gyr_bias_y,gyr_bias_z,jerk_x,jerk_y,jerk_z,snap_x,snap_y,snap_z,motors_len,motors
23908,239.090999999,world,239.0909999994827,0.5435632599997078,-0.563265047652412,1.6747889653403163,-0.043964402107495706,-0.07507098158872355,0.43002035122038973,0.8986178145390447,0.043034675548500656,-0.11954737872321525,0.08171912942046863,0.3582140082798771,-0.019973120083183478,-0.1670044077549607,-1.778946388988012,0.15004810645363742,0.3282920144182383,0.0,0.0,0.0,0.0,0.0,0.0,0.0,0.0,0.0,0.0,0.0,0.0,0.0,0.0,0.0,4,"1339.9176856834783,1238.2355747208144,1501.4852766537524,780.5109618566605"
23909,239.102999999,world,239.10299999948265,0.5439532582881281,-0.5646891281581614,1.6757880162343675,-0.044237424583184325,-0.07377946539447156,0.42903784370187104,0.8991808324380596,0.022074940071551846,-0.11776886063335244,0.08440702879711172,-0.26234843085213183,0.491578019294425,-0.1796570566957987,-1.7225959705284635,0.16130407249828616,0.13564764712632738,0.0,0.0,0.0,0.0,0.0,0.0,0.0,0.0,0.0,0.0,0.0,0.0,0.0,0.0,0.0,4,"1246.3519943913532,1237.3663049759423,1535.4167634276102,794.0269888460639"
23910,239.111999999,world,239.1119999994826,0.544083008437641,-0.5657416404252738,1.676549069230903,-0.04738659369846869,-0.07190701919474946,0.4280131993374199,0.8996602650562757,0.006838602519914001,-0.11601929795985813,0.0843105033087426,-0.6439703282846199,0.8851712383808983,-0.18044733390626508,-1.6698055024058625,0.2276310217088351,-0.1285943214439922,0.0,0.0,0.0,0.0,0.0,0.0,0.0,0.0,0.0,0.0,0.0,0.0,0.0,0.0,0.0,4,"1185.8405931949999,1232.3524456268,1480.1641452944932,889.8730138316214"
23911,239.120999999,world,239.12099999948256,0.5440776821047354,-0.5667750543369279,1.6772987355916231,-0.05253212273468694,-0.06917746843319705,0.42680168434041427,0.9001639718331029,-0.007935589449718382,-0.11347029174032203,0.08182201140041813,-0.8969121224380143,1.210175548104349,-0.17761165669289122,-1.6106420544174693,0.330627271074288,-0.4430924360141336,0.0,0.0,0.0,0.0,0.0,0.0,0.0,0.0,0.0,0.0,0.0,0.0,0.0,0.0,0.0,4,"1136.3108257524395,1228.224480629634,1374.169189029473,1010.3272342312873"
23912,239.132999999,world,239.1329999994825,0.5438693133370934,-0.5681087127034296,1.678233767928651,-0.06098868866043989,-0.06440768067849864,0.4250148258271076,0.9008298553846058,-0.026613944836924325,-0.10848290852876552,0.07312217157824219,-0.9356142796226351,1.4270352088553828,-0.17450819972870454,-1.5186465284331048,0.4907802332291267,-0.9077355936027293,0.0,0.0,0.0,0.0,0.0,0.0,0.0,0.0,0.0,0.0,0.0,0.0,0.0,0.0,0.0,4,"1084.1962744165853,1220.3304153958516,1169.2900375568406,1185.5515470620655"
23913,239.141999999,world,239.14199999948247,0.5435690361268704,-0.5690631996522547,1.678852216280002,-0.06720614086753902,-0.06027622429509009,0.42365433807122094,0.9013141035442951,-0.04004559461001401,-0.10343871942892631,0.06407821261092972,-0.7760679579630508,1.4312090625544607,-0.17108267975298241,-1.4719087844189682,0.6151434931492422,-1.0711928522635639,0.0,0.0,0.0,0.0,0.0,0.0,0.0,0.0,0.0,0.0,0.0,0.0,0.0,0.0,0.0,4,"1065.724292075971,1210.5836661826565,1038.2403273463276,1290.1423719213376"
23914,239.150999999,world,239.15099999948242,0.5431496834714379,-0.5699673940434187,1.679384099123165,-0.07238562968137972,-0.055949610090327076,0.4223673667941339,0.9017958578379922,-0.05308300141638227,-0.09732435558576297,0.05402856218074248,-0.48659208834695916,1.3103075123433139,-0.16641383484866973,-1.4307206803169172,0.7284322411467009,-1.1380906621069609,0.0,0.0,0.0,0.0,0.0,0.0,0.0,0.0,0.0,0.0,0.0,0.0,0.0,0.0,0.0,4,"1061.420834332037,1200.2068907750943,926.6276634225287,1372.1312352223808"
23915,239.162999999,world,239.16299999948237,0.5424106084529537,-0.5710791097924177,1.679953702128378,-0.07650054053829895,-0.05033765501912452,0.42089003003502723,0.9024773517388885,-0.0700091260460416,-0.08772124202017678,0.04111351342665251,0.05577394595511702,0.9710143819297117,-0.1611313479602648,-1.387324468605025,0.8501573250848105,-1.0393777485363174,0.0,0.0,0.0,0.0,0.0,0.0,0.0,0.0,0.0,0.0,0.0,0.0,0.0,0.0,0.0,4,"1097.7137985125194,1205.0357088059645,753.2004780327393,1464.946326998083"
23916,239.171999999,world,239.17199999948232,0.5417247252308542,-0.5718331058014021,1.6802848578691318,-0.07676931364149703,-0.04660850414099229,0.4200261936229924,0.9030570948147925,-0.08236252470249346,-0.07975469624610476,0.03275877033244269,0.5422755696550047,0.6040945274988155,-0.1609568390165469,-1.356139960507388,0.9045707678917436,-0.8562649738717981,0.0,0.0,0.0,0.0,0.0,0.0,0.0,0.0,0.0,0.0,0.0,0.0,0.0,0.0,0.0,4,"1140.1029927651982,1214.8131819845457,658.8055244673259,1507.4063251112382"
23917,239.180999999,world,239.18099999948228,0.5409294423749964,-0.5725141781071711,1.6805462116379415,-0.07424939406948938,-0.043554358190849754,0.4193890028200118,0.9037161665459643,-0.0942717889381372,-0.07161302720593161,0.025404940734561947,1.0464555319328428,0.18235580779163268,-0.16596336516946278,-1.2938263525951454,0.895659583855693,-0.7961290393967458,0.0,0.0,0.0,0.0,0.0,0.0,0.0,0.0,0.0,0.0,0.0,0.0,0.0,0.0,0.0,4,"1177.178238186029,1217.2067598077672,621.675136064294,1501.6531220127667"
23918,239.192999999,world,239.19299999948223,0.5397071400168221,-0.5733107162739307,1.680799107372753,-0.06648236202292561,-0.04066211867095774,0.41883516967204387,0.9047119919017498,-0.10926863842684141,-0.06132748249760362,0.017084340756320926,1.7138485462556978,-0.35350070148017193,-0.18169981290003262,-1.2061768514011055,0.8076202689630343,-0.6276190624627843,0.0,0.0,0.0,0.0,0.0,0.0,0.0,0.0,0.0,0.0,0.0,0.0,0.0,0.0,0.0,4,"1179.161821094636,1273.789831685092,655.4115392607177,1468.1636751931178"
23919,239.201999999,world,239.20199999948218,0.5386764223664763,-0.5738319848917847,1.6809268852427484,-0.05755685626039832,-0.03915509990279718,0.4185504451605449,0.9055217343084216,-0.11962361735835916,-0.0547248711860147,0.011226562711806434,2.158064034833384,-0.6595822875377483,-0.20077204847807406,-1.1036676714477889,0.6675892346489909,-0.6761997179977747,0.0,0.0,0.0,0.0,0.0,0.0,0.0,0.0,0.0,0.0,0.0,0.0,0.0,0.0,0.0,4,"1180.4545228581694,1292.221202018049,773.3194605715147,1374.4976187359684"
23920,239.210999999,world,239.21099999948214,0.5375568683219165,-0.5743001387524393,1.6809995748327862,-0.04656721827754779,-0.03792163638743079,0.4182667423174773,0.9063367894699607,-0.12898483440215952,-0.04958100005863998,0.004743452365498088,2.4864158270483587,-0.8440427388895285,-0.22501249530389505,-0.9827308790804623,0.4880087724717583,-0.8039112914951163,0.0,0.0,0.0,0.0,0.0,0.0,0.0,0.0,0.0,0.0,0.0,0.0,0.0,0.0,0.0,4,"1177.0393239716154,1288.6665989584865,923.209696371505,1246.1350295442066"
23921,239.222999999,world,239.22299999948208,0.5359431688481634,-0.5748670785131941,1.680990688008927,-0.030258841585763228,-0.03617066825406694,0.41773143966053083,0.9073458709792437,-0.13961535974163652,-0.04542908375667805,-0.006681336721180259,2.6358319682913387,-0.8298004733231014,-0.2554161534364914,-0.8048584272244697,0.2271515240767144,-1.0641646836891048,0.0,0.0,0.0,0.0,0.0,0.0,0.0,0.0,0.0,0.0,0.0,0.0,0.0,0.0,0.0,4,"1151.559415369538,1243.7982963127206,1164.3436086245752,1025.9282584527411"
23922,239.231999999,world,239.23199999948204,0.5346560827790515,-0.5752696567642404,1.680885058053859,-0.01823375575998498,-0.03435540474621201,0.41715015307607806,0.9080049482817888,-0.14621534607279557,-0.044299909970912224,-0.016944968193137663,2.519298022212696,-0.6276053287288312,-0.2690899598634081,-0.6778932709785856,0.047714965483273974,-1.181295408683905,0.0,0.0,0.0,0.0,0.0,0.0,0.0,0.0,0.0,0.0,0.0,0.0,0.0,0.0,0.0,4,"1124.2622907584257,1193.432593729496,1324.3524021443804,875.0364573634814"
23923,239.243999999,world,239.24399999948199,0.5328570485734676,-0.5758034167291782,1.6805947972235267,-0.004448807874339893,-0.03077070684017704,0.4161645332785665,0.9087576425813905,-0.15330777810873136,-0.04503941646398748,-0.031494885143471534,2.0978607763829706,-0.16577069934164304,-0.26845273619269194,-0.5195907370290354,-0.14431136360384955,-1.2166474375258016,0.0,0.0,0.0,0.0,0.0,0.0,0.0,0.0,0.0,0.0,0.0,0.0,0.0,0.0,0.0,4,"1121.516845379037,1106.263259346029,1471.502983337103,732.8243276945136"
23924,239.252999999,world,239.25299999948194,0.5314580017544072,-0.5762163015482284,1.6802624379643758,0.0031913016999519906,-0.02715316720674325,0.4153339279776651,0.9092580763318775,-0.15742578806296895,-0.046853364356916574,-0.042335932180171405,1.6327974048000595,0.22189134644742353,-0.2567557718735776,-0.40880400117301874,-0.240496628325107,-1.1985882082293786,0.0,0.0,0.0,0.0,0.0,0.0,0.0,0.0,0.0,0.0,0.0,0.0,0.0,0.0,0.0,4,"1138.2521054693643,1045.3904423924016,1515.6780734378424,711.3704930426152"
23925,239.261999999,world,239.2619999994819,0.5300262722233768,-0.5766486600118547,1.6798326907557883,0.008098883715992631,-0.022901459154054865,0.41448536733585273,0.9097317250242696,-0.16058374986431379,-0.04929532459511284,-0.05316680414262413,1.1210206712316793,0.5864109467828391,-0.2393539604786262,-0.306691633384204,-0.2893591382355232,-1.1954135344524885,0.0,0.0,0.0,0.0,0.0,0.0,0.0,0.0,0.0,0.0,0.0,0.0,0.0,0.0,0.0,4,"1163.3074228850053,997.4713435582935,1512.0650512975844,747.926474377683"
23926,239.270999999,world,239.27099999948186,0.528570033975213,-0.5771042692148954,1.679306411328906,0.01027111731688658,-0.01827690237036942,0.41365470898508905,0.9101924196142639,-0.162893674055706,-0.05195333662229746,-0.06374882911167659,0.6017343412699516,0.8681298217413496,-0.22124988799820886,-0.2186542135661218,-0.2934225954142472,-1.16837543520569,0.0,0.0,0.0,0.0,0.0,0.0,0.0,0.0,0.0,0.0,0.0,0.0,0.0,0.0,0.0,4,"1204.3411853582631,957.7875941703294,1470.8739457590868,821.9395418168895"
23927,239.282999999,world,239.2829999994818,0.526602230748244,-0.577747702037777,1.6784566475480736,0.009292395371141179,-0.012334699607294629,0.4126004082773834,0.9107812084486596,-0.1649004263828378,-0.055168504188131635,-0.07787835102108659,-0.08752256512488743,1.0191571388039669,-0.19476221301121133,-0.1305317333824274,-0.23765442053461788,-1.172236312927094,0.0,0.0,0.0,0.0,0.0,0.0,0.0,0.0,0.0,0.0,0.0,0.0,0.0,0.0,0.0,4,"1284.6818029742874,807.1997055071079,1400.1981243399741,969.8734776980818"
23928,239.291999999,world,239.29199999948176,0.5251134821959894,-0.5782527594116084,1.6777084009295542,0.006091350624044058,-0.008855838526133973,0.4118676489522512,0.9111802836530867,-0.16588425695985637,-0.056952419951795015,-0.08843884310929835,-0.5682956734640153,0.9495425521816419,-0.17197612978162607,-0.09676907779210264,-0.16318199759248614,-1.191115808720833,0.0,0.0,0.0,0.0,0.0,0.0,0.0,0.0,0.0,0.0,0.0,0.0,0.0,0.0,0.0,4,"1313.6660534810144,715.8899190977799,1334.3890322625953,1081.22945402195"
23929,239.300999999,world,239.30099999948172,0.5236167321353931,-0.5787705730888812,1.6768645172898722,0.0012861093752291294,-0.0068130989745069795,0.41120520021972257,0.9115164348037267,-0.16673003686696738,-0.05798203405702864,-0.09907820593886467,-0.9971338529445675,0.734790221173902,-0.1443082930671614,-0.09693575423769252,-0.0737483619630136,-1.1840507723714644,0.0,0.0,0.0,0.0,0.0,0.0,0.0,0.0,0.0,0.0,0.0,0.0,0.0,0.0,0.0,4,"1327.0760873669926,630.4009814664371,1275.2647582456211,1186.2909610808895"
23930,239.312999999,world,239.31299999948166,0.5216078787102836,-0.5794682646685985,1.675589544111535,-0.0067754137262765754,-0.0070237309589477916,0.4104836036121967,0.9118157555876073,-0.1681994342228501,-0.05804883762307308,-0.11342447978234026,-1.461892077211598,0.28001018064995364,-0.0969128556598234,-0.15422875578383066,0.051609192442313157,-1.2043787631991902,0.0,0.0,0.0,0.0,0.0,0.0,0.0,0.0,0.0,0.0,0.0,0.0,0.0,0.0,0.0,4,"1309.132707823495,547.2802981015814,1214.9690514283936,1300.0152898751867"
23931,239.321999999,world,239.32199999948162,0.5200866379392999,-0.5799872210712086,1.6745185596559455,-0.013476597909953196,-0.00967524801335986,0.41011477448788364,0.9118830202561105,-0.16998363659623777,-0.057147144015439494,-0.12470867279755647,-1.7268452380679038,-0.13772135406101282,-0.05136246409558681,-0.23883368710425623,0.1374007799204366,-1.2863172075221196,0.0,0.0,0.0,0.0,0.0,0.0,0.0,0.0,0.0,0.0,0.0,0.0,0.0,0.0,0.0,4,"1271.2426572732684,502.0384115489271,1188.8138037260082,1360.5750839592783"
23932,239.330999999,world,239.33099999948158,0.5185453690980169,-0.5804947927330605,1.6733428246594815,-0.020335968324393956,-0.014532835837269276,0.4099436692231909,0.9117683001391655,-0.17269860292020545,-0.055541632536032406,-0.13674196112164258,-1.930713453743962,-0.5817301058691209,0.0038750012844750723,-0.3559142020270467,0.2083339321957145,-1.3962668588834992,0.0,0.0,0.0,0.0,0.0,0.0,0.0,0.0,0.0,0.0,0.0,0.0,0.0,0.0,0.0,4,"1220.3616407852003,467.5957457538,1181.6386654779446,1400.515240515672"
23933,239.342999999,world,239.34299999948152,0.5164422528272813,-0.5811442798388785,1.6715970816932664,-0.029331988134208568,-0.024322564040723454,0.4100983042651248,0.911244988018836,-0.17823546709535984,-0.05257041331062831,-0.15436659836487737,-2.13622021726339,-1.1643215340110065,0.09248523268493497,-0.5594334188247507,0.27661674156245764,-1.5063734182115263,0.0,0.0,0.0,0.0,0.0,0.0,0.0,0.0,0.0,0.0,0.0,0.0,0.0,0.0,0.0,4,"1158.1637204821984,434.2850521589691,1200.8271484072025,1427.5344233130043"
23934,239.351999999,world,239.35199999948148,0.514812746703795,-0.5816056954091973,1.6701446295096551,-0.03585285961132813,-0.033995881844816035,0.4105440541464752,0.91050119828601,-0.184142189637486,-0.049926987275709475,-0.1686603411397028,-2.2736952265239885,-1.5746732174653748,0.16740430747123405,-0.735508028093107,0.3041495224476651,-1.6716623877372216,0.0,0.0,0.0,0.0,0.0,0.0,0.0,0.0,0.0,0.0,0.0,0.0,0.0,0.0,0.0,4,"1129.4392997854195,416.01508694883336,1211.9061867870214,1413.6433687763829"
23935,239.360999999,world,239.36099999948144,0.5131227605435966,-0.5820425207768534,1.668555414442996,-0.04228475012868238,-0.04553041132574113,0.4112733761464593,0.9093916601905675,-0.19169242138019277,-0.04713324192853874,-0.18486585452023235,-2.451634019841641,-1.9358883408384162,0.2426251626650052,-0.9229684095349577,0.31315939941921334,-1.913229905361552,0.0,0.0,0.0,0.0,0.0,0.0,0.0,0.0,0.0,0.0,0.0,0.0,0.0,0.0,0.0,4,"1117.1054282656833,402.10615534208125,1251.0019953870692,1344.1912344972038"
23936,239.372999999,world,239.37299999948138,0.5107490488044336,-0.58258561753625,1.6661887845676926,-0.0513173987875159,-0.06349186263887695,0.41261697061993136,0.9072389671507501,-0.20444407840121165,-0.043393619917021335,-0.21039642741899334,-2.768185900885291,-2.298028832661864,0.3434735835390906,-1.1814838017673301,0.3085301968941481,-2.3213425724656345,0.0,0.0,0.0,0.0,0.0,0.0,0.0,0.0,0.0,0.0,0.0,0.0,0.0,0.0,0.0,4,"1055.158426373812,445.3900712934826,1289.0860824712126,1258.7863542760683"
23937,239.381999999,world,239.38199999948134,0.5088580154006278,-0.582963747683936,1.6641965990548941,-0.05877731010866438,-0.07847099025486175,0.4138377122406213,0.9050557327768606,-0.21609816468795912,-0.04064096672233051,-0.23270514316346252,-2.995519613580149,-2.4437603796717324,0.41774752692111927,-1.388715308133337,0.30450874359955193,-2.5896657259863174,0.0,0.0,0.0,0.0,0.0,0.0,0.0,0.0,0.0,0.0,0.0,0.0,0.0,0.0,0.0,4,"971.2620920593348,594.5879968170658,1299.0548309132112,1199.850127790626"
23938,239.390999999,world,239.3909999994813,0.5068534034659035,-0.5833171737437012,1.6619941793133575,-0.06689939476978818,-0.09411997336401609,0.4151784722669422,0.9023817029170533,-0.22971564439100983,-0.037892851803902436,-0.2569675086128377,-3.1573851713880443,-2.46314987775393,0.4871740772603568,-1.6168975748228342,0.30753849208744327,-2.7607682048085835,0.0,0.0,0.0,0.0,0.0,0.0,0.0,0.0,0.0,0.0,0.0,0.0,0.0,0.0,0.0,4,"862.8812568685961,794.9381145036369,1289.496662785446,1147.6088820759464"
23939,239.402999999,world,239.40299999948124,0.5039710897059325,-0.5837492634548602,1.6587102929777884,-0.07852740662870455,-0.11477804418072106,0.4170622825303124,0.8981750939949428,-0.25139220162130177,-0.03407377419721627,-0.2903323692514947,-3.2001453400718805,-2.280679224837734,0.563736902551793,-1.9748466585614577,0.3306831484258116,-2.766044854659866,0.0,0.0,0.0,0.0,0.0,0.0,0.0,0.0,0.0,0.0,0.0,0.0,0.0,0.0,0.0,4,"740.4390887573563,1034.0551100055332,1259.3359958054702,1099.6417348374239"
23940,239.411999999,world,239.4119999994812,0.5016240444668113,-0.5840420925704061,1.6559863786469589,-0.08754594483386756,-0.12922163744994045,0.4184967093034942,0.8947055271205429,-0.27062248353233087,-0.030950442910473226,-0.314816338379571,-3.1068063612410284,-2.025797715687305,0.6065508988127734,-2.2750318893670074,0.3629260136788562,-2.6538780502576853,0.0,0.0,0.0,0.0,0.0,0.0,0.0,0.0,0.0,0.0,0.0,0.0,0.0,0.0,0.0,4,"679.4329499054635,1187.7263874221949,1226.6390592823661,1076.8809154496391"
23941,239.420999999,world,239.42099999948115,0.49909094356638306,-0.5843052186572754,1.653049401028519,-0.09650375433849336,-0.14208581880213594,0.4199215072045517,0.8911591178240618,-0.2927970873611059,-0.02744789205732971,-0.33747917239866276,-2.8828320949969486,-1.6673727217960397,0.631462145079547,-2.61355160657617,0.41169182872548976,-2.410917517486899,0.0,0.0,0.0,0.0,0.0,0.0,0.0,0.0,0.0,0.0,0.0,0.0,0.0,0.0,0.0,4,"640.7452258865777,1344.3863902027654,1184.8558791202342,1058.072875275916"
23942,239.432999999,world,239.4329999994811,0.4953763302230104,-0.5846026917823488,1.648837617846311,-0.10777986507999057,-0.15573839307975829,0.4217811287392525,0.886695964264931,-0.32722208146072496,-0.021954374871481528,-0.36367793319559255,-2.4026953459423765,-1.0623911129555867,0.6379496249086505,-3.071766328742065,0.49891329012918817,-2.010089179624641,0.0,0.0,0.0,0.0,0.0,0.0,0.0,0.0,0.0,0.0,0.0,0.0,0.0,0.0,0.0,4,"627.6629589360305,1497.374833945646,1144.598280702401,1058.513057288735"
23943,239.441999999,world,239.44199999948106,0.492302013653198,-0.5847788838191388,1.6454875775702862,-0.11537600677569809,-0.1627891765489013,0.4231452993301774,0.8838190520201515,-0.3563965504535769,-0.017083043975143285,-0.38038344331121404,-1.944228382580299,-0.5514739473477238,0.6258541465498159,-3.3657329218964027,0.5759089419255028,-1.7472699853512963,0.0,0.0,0.0,0.0,0.0,0.0,0.0,0.0,0.0,0.0,0.0,0.0,0.0,0.0,0.0,4,"654.9229578681936,1576.156141572541,1115.1402757267024,1060.2727401349248"
23944,239.450999999,world,239.450999999481,0.4889546434749673,-0.584908061359113,1.6419960882094986,-0.12202012176230025,-0.1668577495158374,0.42448209812467197,0.8815239813432757,-0.38775102214060836,-0.011504023888857517,-0.3952935545061687,-1.4509473447011276,-0.036292617476907894,0.6026210361322091,-3.5631742735917626,0.6552096407948256,-1.6008078242357726,0.0,0.0,0.0,0.0,0.0,0.0,0.0,0.0,0.0,0.0,0.0,0.0,0.0,0.0,0.0,4,"732.5420355428139,1595.800143018115,1091.4077857295408,1064.258747422155"
23945,239.462999999,world,239.46299999948096,0.48403974385815235,-0.5849958415030558,1.6371423693571863,-0.12925104950519156,-0.1679612042894866,0.42621482952480205,0.8794453474483653,-0.43173671921084156,-0.0028924254337985753,-0.413294386651325,-0.8346730340401661,0.5046288118441743,0.5563744258070503,-3.73522164996265,0.7712019947806008,-1.4205497856514815,0.0,0.0,0.0,0.0,0.0,0.0,0.0,0.0,0.0,0.0,0.0,0.0,0.0,0.0,0.0,4,"979.6307444178824,1546.882602354011,1000.2039910454087,1095.660043044936"
23946,239.471999999,world,239.47199999948091,0.4800014990175599,-0.5849892361219207,1.6333673378379545,-0.13342874577852748,-0.16644123233684516,0.4274666966222188,0.8785023103310824,-0.465770477302297,0.004495049687083781,-0.42537770565587263,-0.49404830393232463,0.7052837236341198,0.5095188926468776,-3.815783936215733,0.8607888744010774,-1.2744451103347543,0.0,0.0,0.0,0.0,0.0,0.0,0.0,0.0,0.0,0.0,0.0,0.0,0.0,0.0,0.0,4,"1186.2711575193132,1466.1582833819766,938.7532888168312,1104.9923764731132"
23947,239.480999999,world,239.48099999948087,0.47565381084334873,-0.5849124888288257,1.6294902882277578,-0.1366874306672353,-0.1640493947528087,0.42864634164869186,0.8778762191619157,-0.5004913732371243,0.012693047883318676,-0.4359048411430307,-0.2969842498572655,0.6959930986408182,0.45126342000886027,-3.8870164158214537,0.9492677004784237,-1.0908726269417968,0.0,0.0,0.0,0.0,0.0,0.0,0.0,0.0,0.0,0.0,0.0,0.0,0.0,0.0,0.0,4,"1369.0271166312325,1378.6478073989379,864.7538037400558,1121.9483059569523"
23948,239.492999999,world,239.49299999948082,0.46936574379047136,-0.5846889974406484,1.6241873851102226,-0.139786764306644,-0.1613846972923406,0.430087200305995,0.877177085962401,-0.5477058461623346,0.024750542660402674,-0.4474097910356731,-0.21126981500675976,0.3700331557923863,0.35865705838284995,-3.976330006703166,1.0468191618908071,-0.8481976311274786,0.0,0.0,0.0,0.0,0.0,0.0,0.0,0.0,0.0,0.0,0.0,0.0,0.0,0.0,0.0,4,"1537.6607617264708,1281.7640618787748,766.0174979916363,1161.0400258326085"
23949,239.501999999,world,239.50199999948077,0.4642742495210399,-0.5844230491509098,1.6201288277818668,-0.1411891612332612,-0.16093963815032541,0.43109161162369153,0.8765409722368823,-0.5838353509930015,0.034408387777937983,-0.4542949420028478,-0.224416889789653,-0.057758749094673864,0.28194739600196056,-4.0396954946804176,1.0875776831784782,-0.7186029255686344,0.0,0.0,0.0,0.0,0.0,0.0,0.0,0.0,0.0,0.0,0.0,0.0,0.0,0.0,0.0,4,"1607.578349000043,1232.8609605422673,694.6801931042,1200.2206706842492"
23950,239.510999999,world,239.51099999948073,0.45885536638859103,-0.5840692167954675,1.6160117826152973,-0.14168866698056162,-0.16250129171461147,0.4320776929741266,0.87568631317071,-0.6204242396785034,0.044209816951184436,-0.46058816858066687,-0.2513230973428596,-0.587940004424474,0.20352379974725865,-4.079577867685424,1.0818746111630404,-0.7092436483239761,0.0,0.0,0.0,0.0,0.0,0.0,0.0,0.0,0.0,0.0,0.0,0.0,0.0,0.0,0.0,4,"1623.3316295029533,1213.4077410683728,643.4408452769871,1230.9691702633054"
23951,239.522999999,world,239.52299999948067,0.45111595368510615,-0.5834626260713099,1.610429900938866,-0.14067992918606587,-0.1679877310925548,0.43343503299757646,0.8741414942084427,-0.6695336242438596,0.05671182572390682,-0.47004179652339123,-0.23126470538148658,-1.294047296447416,0.10173715834218308,-4.106355333650336,0.9966337702547318,-0.8645780647164036,0.0,0.0,0.0,0.0,0.0,0.0,0.0,0.0,0.0,0.0,0.0,0.0,0.0,0.0,0.0,4,"1573.9897560545662,1242.9968056817129,642.7161235466126,1231.4325464331762"
23952,239.531999999,world,239.53199999948063,0.4449243616878953,-0.5829136684356061,1.6061600926042825,-0.13853087386782098,-0.1742956232465572,0.4344960720627239,0.8727218320086741,-0.7063234749075683,0.06509105131432871,-0.47924424379489294,-0.14528398917394925,-1.7199167203801657,0.02962159507834252,-4.074081919226424,0.8740599452741887,-1.15020951983702,0.0,0.0,0.0,0.0,0.0,0.0,0.0,0.0,0.0,0.0,0.0,0.0,0.0,0.0,0.0,4,"1475.158059492413,1299.5799414806847,682.4633300081615,1202.5226242663614"
23953,239.540999999,world,239.5409999994806,0.4384027366223718,-0.5822946677858979,1.6017960996648626,-0.1351466422963572,-0.1817918766977197,0.4355738523711782,0.8711845486309274,-0.7428639912145191,0.07223756557120642,-0.4910057264121225,0.01103472954342289,-1.9985170512039963,-0.038247531837268825,-4.028697619827937,0.7233730657115467,-1.473351349949692,0.0,0.0,0.0,0.0,0.0,0.0,0.0,0.0,0.0,0.0,0.0,0.0,0.0,0.0,0.0,4,"1355.4282805634523,1367.342040942573,739.6316209381303,1149.3853501598292"
23954,239.552999999,world,239.55299999948053,0.4292016649803329,-0.5813818255261848,1.5957834282790215,-0.12877348870193156,-0.1921279924356187,0.43697361447523403,0.8692285564698401,-0.7904720490505567,0.07946102948803228,-0.5119867318557904,0.3592094554479207,-2.0496014403442384,-0.12385329189727351,-3.935439520266537,0.5018641082690373,-1.9273970353699266,0.0,0.0,0.0,0.0,0.0,0.0,0.0,0.0,0.0,0.0,0.0,0.0,0.0,0.0,0.0,4,"1158.3516654245946,1474.8819446787604,824.2497701242653,1053.3902557235504"
23955,239.561999999,world,239.5619999994805,0.4219281988486494,-0.5806488332177357,1.5910948305861072,-0.12269392663980465,-0.19887695511954404,0.43795022876330714,0.8680977791782745,-0.8258256968084495,0.08319011286816688,-0.5301703730994026,0.707555915946215,-1.8616450024617555,-0.18531279769271133,-3.9133260587762564,0.34407164700028803,-2.1021034811237183,0.0,0.0,0.0,0.0,0.0,0.0,0.0,0.0,0.0,0.0,0.0,0.0,0.0,0.0,0.0,4,"1018.0153470673855,1539.940161539749,894.4949270916637,996.5620830858106"
23956,239.570999999,world,239.57099999948045,0.41433804264701196,-0.5798886235647117,1.586235541434667,-0.11561115989151818,-0.20383928501801254,0.43884966240912865,0.8674644542546266,-0.8608112151023237,0.08551859119315204,-0.5498658642072544,1.1082637728438174,-1.5159902973917518,-0.241629109965819,-3.868396991359435,0.19216943376315632,-2.240242789127045,0.0,0.0,0.0,0.0,0.0,0.0,0.0,0.0,0.0,0.0,0.0,0.0,0.0,0.0,0.0,4,"905.3708297597618,1569.5581322883772,959.9827135765355,954.3443010906808"
23957,239.582999999,world,239.5829999994804,0.40373309033336685,-0.5788537245778528,1.579470426009932,-0.1048445347720679,-0.2067186078501375,0.43994223898276763,0.8675977564838209,-0.9064107907656995,0.08659708611985324,-0.5780073089128293,1.6613654986185122,-0.9042306239927475,-0.30483872659356215,-3.735690902137878,0.007417171096327224,-2.4198366013187256,0.0,0.0,0.0,0.0,0.0,0.0,0.0,0.0,0.0,0.0,0.0,0.0,0.0,0.0,0.0,4,"781.8872638823948,1560.8560081266062,1035.8398912902442,927.1247860575082"
23958,239.591999999,world,239.59199999948035,0.39542616366435823,-0.5780760008387187,1.574168670126207,-0.09599735121659458,-0.20575894158723637,0.4406981962670848,0.8684658118332791,-0.9393464819353791,0.08605240426720659,-0.6003406296361766,2.0401253229511243,-0.41055423718712397,-0.34153967551503017,-3.58666847108724,-0.1121504927777961,-2.5412654144723046,0.0,0.0,0.0,0.0,0.0,0.0,0.0,0.0,0.0,0.0,0.0,0.0,0.0,0.0,0.0,4,"737.2041499748658,1519.5338872904647,1079.0474273284742,924.7709332686632"
23959,239.600999999,world,239.6009999994803,0.3868302199762264,-0.5773077063557639,1.5686596003052247,-0.08667734886401607,-0.20211708313841684,0.44141755441540204,0.8699346323439765,-0.9704966176664442,0.08453448571629904,-0.6242386209229747,2.3926586883860272,0.09562072514184673,-0.3645286979808655,-3.345497855697488,-0.21013464262903403,-2.766896426722232,0.0,0.0,0.0,0.0,0.0,0.0,0.0,0.0,0.0,0.0,0.0,0.0,0.0,0.0,0.0,4,"649.2664592238071,1457.4723672397076,1128.6321677928972,928.9974931011327"
23960,239.612999999,world,239.61299999948025,0.3749538284685851,-0.5763112020302357,1.5609597017985715,-0.07388619025669407,-0.19320454239985368,0.4423513734295723,0.8726615025944402,-1.0081311357211438,0.08136546681536155,-0.6597491966171194,2.7406252899232433,0.753334146187861,-0.36836339802665563,-2.95964025097728,-0.30382376861502747,-3.107840610247048,0.0,0.0,0.0,0.0,0.0,0.0,0.0,0.0,0.0,0.0,0.0,0.0,0.0,0.0,0.0,4,"620.2034020341898,1317.447072707544,1195.4218478736036,924.247687292565"
23961,239.621999999,world,239.6219999994802,0.3657653072804135,-0.5755920154991114,1.5548927173732452,-0.06441822293782855,-0.1838668992345536,0.44302262891876737,0.8750852565237898,-1.033334857770394,0.07838611926186362,-0.6887721712977938,2.8889061279994195,1.1802894517874294,-0.35356295130390725,-2.6742955395415713,-0.3500287017972059,-3.311833849984347,0.0,0.0,0.0,0.0,0.0,0.0,0.0,0.0,0.0,0.0,0.0,0.0,0.0,0.0,0.0,4,"655.1068771292859,1197.8257544554695,1217.7032902786793,937.7848318614525"
23962,239.630999999,world,239.63099999948017,0.35636114623075693,-0.5749012643575226,1.5485574511698248,-0.05533331105076952,-0.17282834934839691,0.4436536400106368,0.8776332001781723,-1.056106549424491,0.07506556289532706,-0.7192082839267091,2.919181692584545,1.488349976780876,-0.3296036078496227,-2.42295855056307,-0.38292041869143756,-3.416161125374906,0.0,0.0,0.0,0.0,0.0,0.0,0.0,0.0,0.0,0.0,0.0,0.0,0.0,0.0,0.0,4,"822.5061068963989,1039.5480869324003,1208.4942980258124,949.2775302821151"
23963,239.642999999,world,239.6429999994801,0.34352051945958134,-0.5740291232767881,1.5396824937354785,-0.04420972278871752,-0.15694533360275836,0.44435777824977407,0.8808858198314854,-1.0835321590644502,0.07021143713731783,-0.7596714872584004,2.746540524762195,1.6369622796521697,-0.29507733900546157,-2.1836893436382177,-0.42266883380123743,-3.2939420895028437,0.0,0.0,0.0,0.0,0.0,0.0,0.0,0.0,0.0,0.0,0.0,0.0,0.0,0.0,0.0,4,"1049.75288821126,831.6964250335633,1179.5374173597909,981.5002272185311"
23964,239.651999999,world,239.65199999948007,0.3336818278619645,-0.57341494093759,1.5327173040923536,-0.03682253280101962,-0.14535472963855456,0.444723883147092,0.8830270502132948,-1.1027250143168126,0.06621202806206491,-0.7875569993073559,2.485203636304403,1.5575472979140168,-0.2733950020031156,-2.1021718108389376,-0.46346692640952813,-2.907202778074436,0.0,0.0,0.0,0.0,0.0,0.0,0.0,0.0,0.0,0.0,0.0,0.0,0.0,0.0,0.0,4,"1211.957155922404,718.5645193906439,1158.9643856730277,1019.6713743131264"
23965,239.660999999,world,239.66099999948003,0.32367305440364447,-0.5728385022971321,1.5255189305770285,-0.03035973687551427,-0.1349848400540813,0.44490657177429954,0.8848251362413162,-1.1213484739414625,0.06182275687669404,-0.8114351611114631,2.129014599854302,1.3247031275196655,-0.25938702088923465,-2.0383203584610765,-0.5057282804484322,-2.4700648320072904,0.0,0.0,0.0,0.0,0.0,0.0,0.0,0.0,0.0,0.0,0.0,0.0,0.0,0.0,0.0,4,"1340.917055148309,632.4371557076558,1136.1261187935681,1057.328322259629"
23966,239.672999999,world,239.67299999947997,0.3100719559985502,-0.5721346184881207,1.5156196605791272,-0.023298496156692754,-0.12426491167607165,0.44481155400894884,0.886655566284405,-1.1453683739214013,0.055376382046226386,-0.8373495752356012,1.5386027359182728,0.8530442008800144,-0.2502247981218749,-1.9741125562047213,-0.5638834744751964,-1.9097544086275065,0.0,0.0,0.0,0.0,0.0,0.0,0.0,0.0,0.0,0.0,0.0,0.0,0.0,0.0,0.0,4,"1444.0015440206905,576.9749514158156,1158.945884058513,1079.7007186266023"
23967,239.681999999,world,239.68199999947993,0.29968420991297695,-0.5716597472364198,1.5080119366229923,-0.019332942576693494,-0.11905602036076998,0.44446416181432225,0.8876392905960586,-1.1629690404598183,0.0500901127919531,-0.852780260307447,1.0422693427830643,0.4767577526881307,-0.24605951222320013,-1.940703758190443,-0.6047018368940393,-1.5831275446643867,0.0,0.0,0.0,0.0,0.0,0.0,0.0,0.0,0.0,0.0,0.0,0.0,0.0,0.0,0.0,4,"1457.4548326474307,616.1384411398501,1194.8677328640542,1085.2428260368504"
23968,239.690999999,world,239.69099999947989,0.2891392688178298,-0.5712339781506491,1.5002764535680972,-0.01661134008704686,-0.11623377724450462,0.4438934527023897,0.8883537443248262,-1.1803232436825826,0.04447607660290745,-0.865912558105844,0.5778229058606907,0.1563778634321179,-0.23876215737832507,-1.9210115338872402,-0.6378788355234296,-1.3750624288653146,0.0,0.0,0.0,0.0,0.0,0.0,0.0,0.0,0.0,0.0,0.0,0.0,0.0,0.0,0.0,4,"1392.550797136984,728.3176243079392,1232.0297546192114,1113.421116899975"
23969,239.702999999,world,239.70299999947983,0.2748369837046455,-0.5707472219154829,1.4897923187669604,-0.014685046699393262,-0.11527764599295019,0.44290643501120275,0.88900467015839,-1.2034298255014637,0.036576351566845994,-0.8810102655329425,0.1432011775489102,-0.08757548195538191,-0.2164084636658281,-1.9378502900970762,-0.6748895166929086,-1.1578026205276704,0.0,0.0,0.0,0.0,0.0,0.0,0.0,0.0,0.0,0.0,0.0,0.0,0.0,0.0,0.0,4,"1228.4312137474865,928.4115495589161,1274.0770363148436,1168.2526756497944"
23970,239.711999999,world,239.7119999994798,0.2639270220215228,-0.5704457719382607,1.4818191839654713,-0.01411969131656872,-0.11559656052070855,0.4421304793109928,0.8893585940311922,-1.2210815847663692,0.030371925907685723,-0.8904720553894839,0.012152790746162422,-0.0990796309635946,-0.18923834740110534,-1.9865511413430514,-0.7019628030841725,-0.9441093832912584,0.0,0.0,0.0,0.0,0.0,0.0,0.0,0.0,0.0,0.0,0.0,0.0,0.0,0.0,0.0,4,"1051.30496189075,1092.3458225518848,1306.0618477831658,1221.598185080528"
23971,239.72099999900001,world,239.72099999947974,0.2528556049292816,-0.5702013631596714,1.4737719592626293,-0.013845193624416018,-0.11569769597753125,0.44146010169347055,0.8896827144391332,-1.2393692801669576,0.02388727673852965,-0.8971960809015826,0.07426120314737779,0.05040846541609727,-0.15297439102091342,-2.0773038248427245,-0.738157735643119,-0.5421310716643424,0.0,0.0,0.0,0.0,0.0,0.0,0.0,0.0,0.0,0.0,0.0,0.0,0.0,0.0,0.0,4,"885.752583750555,1241.353218329333,1338.5143430939936,1279.7209192179134"
23972,239.732999999,world,239.7329999994797,0.23782984675367994,-0.5699693408217241,1.4629859926986508,-0.013197026008131295,-0.11388732431120602,0.44092469204169954,0.8901915141213758,-1.2651400540507312,0.014691758111485667,-0.8991526443606269,0.4061555680884638,0.4428676875087418,-0.09601649482499569,-2.188909025742758,-0.7849458573808178,0.12081287302656563,0.0,0.0,0.0,0.0,0.0,0.0,0.0,0.0,0.0,0.0,0.0,0.0,0.0,0.0,0.0,4,"724.7864145014845,1384.7102964362903,1374.6245623248415,1349.534115214369"
23973,239.741999999,world,239.74199999947965,0.22635441292882033,-0.5698692813776148,1.4549056816928236,-0.01205026178289594,-0.11018731271117412,0.4408948572034125,0.8906880891760236,-1.28496719185582,0.007516832755732415,-0.8958547899953556,0.7897031837963435,0.8322906181660783,-0.04887169346579624,-2.2000422654888663,-0.8036620954089031,0.5365186071095707,0.0,0.0,0.0,0.0,0.0,0.0,0.0,0.0,0.0,0.0,0.0,0.0,0.0,0.0,0.0,4,"637.1738868708362,1455.4132476629934,1393.4823791970778,1389.4369662773515"
23974,239.750999999,world,239.7509999994796,0.21470165841989614,-0.5698341931513398,1.4468689970939264,-0.01005502829026619,-0.10398437489838538,0.4412358254749038,0.8912895671444575,-1.304395624150979,0.00028598010708280597,-0.8897107575217575,1.2456064266312403,1.2630813579870313,0.0020449868459197834,-2.1129463930649184,-0.801026627443077,0.7861292601324399,0.0,0.0,0.0,0.0,0.0,0.0,0.0,0.0,0.0,0.0,0.0,0.0,0.0,0.0,0.0,4,"583.2516724528356,1492.5366938501202,1392.4217973719085,1421.9967020401712"
23975,239.762999999,world,239.76299999947955,0.19890256605894913,-0.5698879444038935,1.4362554277338004,-0.005655655740909131,-0.09146065800279835,0.44229004625643714,0.8921785004013011,-1.3282659267546142,-0.009197098584892264,-0.8788498974533796,1.9545736391880384,1.8300251800586465,0.07033020454107744,-1.8594899919563979,-0.7782503759512261,0.9770084926420397,0.0,0.0,0.0,0.0,0.0,0.0,0.0,0.0,0.0,0.0,0.0,0.0,0.0,0.0,0.0,4,"597.2329905867559,1508.7402427549753,1361.7454939791448,1456.1120315120845"
23976,239.771999999,world,239.7719999994795,0.18687717374065835,-0.5700018377533348,1.428386000194261,-0.0007876454236546229,-0.0789118497868865,0.44349995765490624,0.892793417951765,-1.343591655196473,-0.01606929944302117,-0.8699343709458447,2.4835815731693214,2.197174364620108,0.12302102817612798,-1.5627179304480432,-0.7496287317206446,0.9655389335910813,0.0,0.0,0.0,0.0,0.0,0.0,0.0,0.0,0.0,0.0,0.0,0.0,0.0,0.0,0.0,4,"704.0830643824285,1451.350377765652,1348.4951382249076,1464.321552757755"
23977,239.780999999,world,239.78099999947946,0.17472712292424658,-0.5701762985579397,1.4205938812731236,0.0053636155004870185,-0.06415565839976041,0.44499749640713343,0.8932147061683655,-1.3558762424970943,-0.022654223075594282,-0.8617921076286185,2.891283958689964,2.4338001148631787,0.17860111668699935,-1.2024186978087936,-0.7187785647374718,0.8661126487754522,0.0,0.0,0.0,0.0,0.0,0.0,0.0,0.0,0.0,0.0,0.0,0.0,0.0,0.0,0.0,4,"890.3947532224452,1318.9268241834818,1345.1287003636257,1462.0932750236348"
23978,239.792999999,world,239.7929999994794,0.1583835526345173,-0.5704992058648619,1.4103145316830203,0.01496302353555127,-0.042712544499041646,0.4472902694467493,0.8932430583706467,-1.3670441371553017,-0.031128553224527702,-0.8513063626665384,3.1372994538373447,2.481621425630698,0.25784780792923667,-0.6993162004744757,-0.7001517193972253,0.9207311149546094,0.0,0.0,0.0,0.0,0.0,0.0,0.0,0.0,0.0,0.0,0.0,0.0,0.0,0.0,0.0,4,"1134.355934598383,1099.5689128954198,1364.942852691477,1460.580023767007"
23979,239.801999999,world,239.80199999947936,0.14605778177136738,-0.5708077733263455,1.4026932167539767,0.022612352770725333,-0.026735839266859043,0.4491428051283797,0.8927735530369835,-1.3714529351824485,-0.037458536273163465,-0.8418984382457622,3.0808868756613648,2.3181833040715807,0.3203296007328587,-0.3238012516337818,-0.7103844537840533,1.195838743888955,0.0,0.0,0.0,0.0,0.0,0.0,0.0,0.0,0.0,0.0,0.0,0.0,0.0,0.0,0.0,4,"1294.1656057452794,932.2045539240886,1398.3795023660007,1469.0174678872215"
23980,239.810999999,world,239.81099999947932,0.13370743886360828,-0.5711740983317362,1.3951714148836276,0.030120151275473683,-0.012018136865173277,0.45107285084391807,0.8918977655006056,-1.372513358225708,-0.0439941810760439,-0.8289237026240573,2.839835822651475,2.011643012179809,0.383777020271827,0.04584143377961425,-0.7418938462510835,1.6642665834706305,0.0,0.0,0.0,0.0,0.0,0.0,0.0,0.0,0.0,0.0,0.0,0.0,0.0,0.0,0.0,4,"1427.2455696589775,795.0813969315702,1439.3834766370796,1483.5132235095837"
23981,239.822999999,world,239.82299999947926,0.1172534029239798,-0.5717569543331691,1.3853621108547494,0.039212628745235935,0.0041959610848835305,0.4537665024286413,0.8902475638445412,-1.3689098872181988,-0.053262522620994325,-0.8047620362106316,2.2926788280153008,1.4385267548296747,0.4666280503067065,0.506074943978474,-0.800089375306269,2.2932793393333206,0.0,0.0,0.0,0.0,0.0,0.0,0.0,0.0,0.0,0.0,0.0,0.0,0.0,0.0,0.0,4,"1553.624391329812,666.5835192425143,1488.0685988537623,1501.1404800006385"
23982,239.831999999,world,239.83199999947922,0.10495848780833793,-0.5722695472557853,1.378219145180522,0.04494983347875879,0.01302281661452112,0.45589958137034026,0.888800028366339,-1.362868333626432,-0.06072617344469841,-0.7819674947691803,1.7679738189978984,0.9313162246297442,0.5264299204974292,0.792952141725145,-0.8527549307699236,2.6991422774357288,0.0,0.0,0.0,0.0,0.0,0.0,0.0,0.0,0.0,0.0,0.0,0.0,0.0,0.0,0.0,4,"1606.2262777043318,640.0397791901818,1516.155240072858,1512.1976341973775"
23983,239.840999999,world,239.84099999947918,0.09272833334077721,-0.5728514391496209,1.3712948747832912,0.04955544428714296,0.01862523217640311,0.45815394553547556,0.887294945808977,-1.3546461680214024,-0.0686612178779299,-0.7564409827048835,1.196639827330949,0.4032476559104114,0.584078470877664,0.9962713749047669,-0.904787593356951,2.920792943934991,0.0,0.0,0.0,0.0,0.0,0.0,0.0,0.0,0.0,0.0,0.0,0.0,0.0,0.0,0.0,4,"1630.1654283278906,642.3026681350052,1541.6646048457742,1505.3108223026936"
23984,239.852999999,world,239.85299999947912,0.07654868316509995,-0.5737423486190536,1.362431140787591,0.053654379608131686,0.021078287312689896,0.4613897268683225,0.8853227848040539,-1.3417353506345104,-0.07995517687067435,-0.7207295834472589,0.4065214726200471,-0.21041923864521042,0.6601544935102412,1.117131208413058,-0.9707227440255012,2.9908693696895083,0.0,0.0,0.0,0.0,0.0,0.0,0.0,0.0,0.0,0.0,0.0,0.0,0.0,0.0,0.0,4,"1586.3270630151446,744.9444743588407,1582.601909307596,1477.1884391693973"
23985,239.861999999,world,239.86199999947908,0.06451839175695025,-0.574501949872658,1.356065095005606,0.055061357111881405,0.019636317673557294,0.46402555452375854,0.8838908002293833,-1.3316952562082727,-0.08890274322150568,-0.6940929645439191,-0.121334507736267,-0.5461819031759241,0.7187202534534324,1.0998966963562395,-1.0092775540525567,2.8943230794113983,0.0,0.0,0.0,0.0,0.0,0.0,0.0,0.0,0.0,0.0,0.0,0.0,0.0,0.0,0.0,4,"1496.579634586381,891.5217034827135,1588.7075882344286,1461.291249311143"
23986,239.870999999,world,239.87099999947904,0.05257650552535189,-0.5753433734932384,1.3499324606043595,0.05520369715999191,0.01622923401199744,0.4668613031901929,0.8824566206714111,-1.3221840359681845,-0.09812220845171658,-0.66893702570864,-0.48263144012897563,-0.708449628737881,0.7753192907133473,1.0175991892773517,-1.0369883723113786,2.737765810373216,0.0,0.0,0.0,0.0,0.0,0.0,0.0,0.0,0.0,0.0,0.0,0.0,0.0,0.0,0.0,4,"1363.7631056554092,1088.7969583745532,1571.938163633586,1444.291831278891"
23987,239.882999999,world,239.88299999947898,0.03677979597224318,-0.5765963448889947,1.3420984839778822,0.05411360042200924,0.010624695553504777,0.47095989628056145,0.8804292192954328,-1.3108829700009212,-0.11076462369696236,-0.6369182854938835,-0.6267162381855523,-0.6269977518254399,0.8405680173094394,0.8763678456986668,-1.0647618381825346,2.6159624745468735,0.0,0.0,0.0,0.0,0.0,0.0,0.0,0.0,0.0,0.0,0.0,0.0,0.0,0.0,0.0,4,"1162.0312709322902,1355.1883566714098,1523.1104918868352,1419.961871703585"
23988,239.891999999,world,239.89199999947894,0.025015802630482115,-0.577636511722459,1.336471078441721,0.05297893856161378,0.007223931582032554,0.4742609268414827,0.8787591365970773,-1.3034698579614965,-0.12039476196889735,-0.6136927202118194,-0.46811418969239316,-0.3514556428818977,0.8746235011312918,0.7860335650164973,-1.0717569248950425,2.5500965762743633,0.0,0.0,0.0,0.0,0.0,0.0,0.0,0.0,0.0,0.0,0.0,0.0,0.0,0.0,0.0,4,"1028.005422970516,1526.7566216309708,1467.3767974996038,1393.0133085681416"
23989,239.900999999,world,239.9009999994789,0.013315504095643811,-0.5787634111826491,1.3310503645400802,0.052125705810202684,0.005780260322970517,0.4777274994514891,0.8769412384260501,-1.2966569552132399,-0.13001512050628383,-0.5909707644228729,-0.10747746843748093,0.07605209499997714,0.8906228256532254,0.742120148692349,-1.06357052068759,2.4984962243169706,0.0,0.0,0.0,0.0,0.0,0.0,0.0,0.0,0.0,0.0,0.0,0.0,0.0,0.0,0.0,4,"930.4213086608486,1666.391918621753,1400.9361209128604,1357.7413320736698"
23990,239.912999999,world,239.91299999947884,-0.002190467348675287,-0.5803992933440993,1.3241364804518638,0.05213018840651374,0.008431547164063153,0.4825210712692547,0.8742910089039533,-1.287553998483992,-0.1425507583379547,-0.5614642913405431,0.5984482875106207,0.8038226829232157,0.8816753225402152,0.7949653937902035,-1.023811746603015,2.431133285718645,0.0,0.0,0.0,0.0,0.0,0.0,0.0,0.0,0.0,0.0,0.0,0.0,0.0,0.0,0.0,4,"896.1173809747382,1775.2582500803699,1317.5507964968008,1311.096668257646"
23991,239.921999999,world,239.9219999994788,-0.013744461538921395,-0.5817228723040796,1.3191799085129348,0.05334035744388689,0.01445565968226811,0.4861533168594254,0.8721242988688527,-1.2797932701625334,-0.15148791703156145,-0.540199641468435,1.207564899623243,1.3613812937342757,0.8575791754694745,0.9284509691520615,-0.965259634420429,2.3003654245103977,0.0,0.0,0.0,0.0,0.0,0.0,0.0,0.0,0.0,0.0,0.0,0.0,0.0,0.0,0.0,4,"939.7918926428404,1793.7372825541327,1238.5753858200364,1302.3557316016665"
23992,239.930999999,world,239.93099999947876,-0.02522181342493975,-0.5831243115483481,1.3144098939283466,0.055840989853883374,0.023875944850379444,0.48971499738268626,0.8697648788311216,-1.2703891349003948,-0.15983977275477523,-0.519927016570299,1.826690109669868,1.8241374274213005,0.8252916995570375,1.1504171550857922,-0.8969612125889759,2.216297477494966,0.0,0.0,0.0,0.0,0.0,0.0,0.0,0.0,0.0,0.0,0.0,0.0,0.0,0.0,0.0,4,"1046.2592413344905,1750.6687440509625,1164.5818072068384,1332.670115984569"
23993,239.942999999,world,239.9429999994787,-0.040373348124062895,-0.5851043725732572,1.308327388090415,0.06141145552572728,0.0405820110659904,0.4941828320759451,0.866236146780686,-1.2540386047634433,-0.16998075547381494,-0.4940283361056101,2.5044718413096603,2.1624358716736367,0.7812609096278095,1.5595481733856609,-0.8025170326168007,2.11761702283908,0.0,0.0,0.0,0.0,0.0,0.0,0.0,0.0,0.0,0.0,0.0,0.0,0.0,0.0,0.0,4,"1244.4924813408725,1607.3742545132966,1127.3135143304942,1362.1764219684364"
23994,239.951999999,world,239.95199999947866,-0.051590829189518364,-0.5866657380509246,1.3039666476586307,0.06709060508910561,0.05481598592638806,0.49722384070803743,0.8632858800115082,-1.238170883242271,-0.17690509592716364,-0.4750111481210392,2.7981817546330667,2.169885168250403,0.753474371532166,1.9330507971446753,-0.7456116140333591,2.124328903884365,0.0,0.0,0.0,0.0,0.0,0.0,0.0,0.0,0.0,0.0,0.0,0.0,0.0,0.0,0.0,4,"1401.2892871398142,1450.1689047809696,1146.19996174366,1384.463915273246"
23995,239.960999999,world,239.96099999947862,-0.0626496722755454,-0.58828745157084,1.299779127316755,0.07367193953823374,0.06904822633253188,0.4999672862415833,0.8601380705754358,-1.2187261700081942,-0.183426914273593,-0.45535107393572116,2.860431435880278,1.9611409220916116,0.7330896215317523,2.347150462138625,-0.7118370717970335,2.2513642303668147,0.0,0.0,0.0,0.0,0.0,0.0,0.0,0.0,0.0,0.0,0.0,0.0,0.0,0.0,0.0,4,"1544.7465899302833,1275.8880570588592,1193.7663340930048,1407.3047706039354"
23996,239.972999999,world,239.97299999947856,-0.07708983453646849,-0.5905394994575807,1.2944853083451857,0.08308437802517792,0.08579189252524104,0.5032096899266134,0.8558719210659199,-1.1868285205132134,-0.19191776421113732,-0.42630891398646903,2.601561992077916,1.4082296178438667,0.7169554288686254,2.914764984463858,-0.7111032848201027,2.561633651971429,0.0,0.0,0.0,0.0,0.0,0.0,0.0,0.0,0.0,0.0,0.0,0.0,0.0,0.0,0.0,4,"1684.2968921304603,1077.021895393487,1276.0481985292952,1431.5504547787912"
23997,239.981999999,world,239.98199999947852,-0.08764710817942102,-0.5922959552495667,1.290755681578765,0.09007542183674255,0.09539185441858677,0.5054124832149904,0.8528452581224645,-1.1586721901324453,-0.1984570954917053,-0.4021745235778603,2.210993253866474,0.8667891084730756,0.7122390708506373,3.2905797016558047,-0.743538500124652,2.7753167031252524,0.0,0.0,0.0,0.0,0.0,0.0,0.0,0.0,0.0,0.0,0.0,0.0,0.0,0.0,0.0,4,"1738.0577352946746,980.0723146224183,1338.1232302604644,1442.9758137731203"
23998,239.990999999,world,239.99099999947848,-0.09793689906724724,-0.5941130408657401,1.287251248476442,0.09663794093423038,0.10184278068794139,0.5075062626312641,0.8501332541336013,-1.1275154875331284,-0.20543284490412103,-0.37636716514626867,1.7380401128687728,0.307360561144387,0.7126343655637573,3.5841377645684513,-0.8041288160685889,2.9275629512147683,0.0,0.0,0.0,0.0,0.0,0.0,0.0,0.0,0.0,0.0,0.0,0.0,0.0,0.0,0.0,4,"1740.440817889002,965.4821492413757,1390.622855272097,1446.4319567445143"
23999,240.002999999,world,240.00299999947842,-0.11120159934041005,-0.5966390344601256,1.2829483434217415,0.10432897240537552,0.10557871430222948,0.510257347503134,0.8471163083793115,-1.0828162026271269,-0.215800424554952,-0.3406464966172235,1.0656569486918641,-0.31759668895965426,0.7219037417518039,3.8178582029597674,-0.9195074290360705,3.0029982502025043,0.0,0.0,0.0,0.0,0.0,0.0,0.0,0.0,0.0,0.0,0.0,0.0,0.0,0.0,0.0,4,"1685.8196524176985,1013.2464588416159,1496.0767160358764,1401.4214494970417"
24000,240.011999999,world,240.01199999947838,-0.12079092268860696,-0.598620012650579,1.2800043571122035,0.10884371672271746,0.10527415247863584,0.5124202641705369,0.8452785759838509,-1.0480669073197455,-0.2245586766611559,-0.313628554937798,0.5540201044695889,-0.6031291045315449,0.7367344617811509,3.8734148063597207,-1.0134534774838277,2.964174140853426,0.0,0.0,0.0,0.0,0.0,0.0,0.0,0.0,0.0,0.0,0.0,0.0,0.0,0.0,0.0,4,"1605.3738154177909,1104.9039351485455,1559.1278100415225,1351.2364756620905"
24001,240.020999999,world,240.02099999947833,-0.1300670906032668,-0.6006833674663756,1.2772995125988713,0.11193101895122687,0.1031595243407336,0.5147726689430597,0.843705315168497,-1.0133565518036558,-0.23408265795234476,-0.2876159946388416,0.10522102228124933,-0.6697863171786783,0.7523873710144727,3.8397968860424125,-1.0924619460067897,2.84619222820115,0.0,0.0,0.0,0.0,0.0,0.0,0.0,0.0,0.0,0.0,0.0,0.0,0.0,0.0,0.0,4,"1500.5913335053338,1236.768740782867,1595.2018455444827,1289.1047924254574"
24002,240.032999999,world,240.03299999947828,-0.1419543262641679,-0.6035728222308594,1.2740459235500423,0.1136166560749666,0.09936377683769966,0.5182955315936317,0.8417765958049471,-0.9680977189238766,-0.24760133434053633,-0.2550747023965127,-0.28212135004468647,-0.43159685241549617,0.7677153791812766,3.717595208998503,-1.1486432430490856,2.630654125538756,0.0,0.0,0.0,0.0,0.0,0.0,0.0,0.0,0.0,0.0,0.0,0.0,0.0,0.0,0.0,4,"1336.126998051279,1426.2644530469977,1580.9736173873202,1235.356282034529"
24003,240.041999999,world,240.04199999947824,-0.15051774015597477,-0.6058480087115068,1.2718559585944613,0.11326384597161543,0.09716344057589231,0.5212291681604294,0.8402682436400652,-0.9349754283557175,-0.2580046853718398,-0.23163036456310562,-0.38437388900294917,-0.07835334907078567,0.7719308806465832,3.654531898273916,-1.1564973050617322,2.5948625116817556,0.0,0.0,0.0,0.0,0.0,0.0,0.0,0.0,0.0,0.0,0.0,0.0,0.0,0.0,0.0,4,"1250.9575916867839,1526.8938828237058,1549.389160715628,1232.7289165099812"
24004,240.050999999,world,240.0509999994782,-0.15878516189100977,-0.6082165564310625,1.2698764048130888,0.11187149037559237,0.09637220262122191,0.5243717755884105,0.8385889393316225,-0.902278718781374,-0.2682898976828934,-0.208259873077555,-0.3494774598909339,0.34136043494472923,0.7696180096845657,3.620055312324011,-1.1258264949610686,2.60042385232101,0.0,0.0,0.0,0.0,0.0,0.0,0.0,0.0,0.0,0.0,0.0,0.0,0.0,0.0,0.0,4,"1205.0442197611283,1589.758981278568,1506.1032449108836,1251.0429228840703"
24005,240.062999999,world,240.06299999947814,-0.16935218221403867,-0.6115147595345231,1.2675647349160517,0.10903069503159864,0.09816648020597137,0.5287772471187026,0.8359846126780467,-0.8588833443636126,-0.2811993086184326,-0.17701764608459367,-0.15253195817680323,0.8942036623994978,0.75808391303966,3.621772496025688,-1.0231914162591726,2.601565422067936,0.0,0.0,0.0,0.0,0.0,0.0,0.0,0.0,0.0,0.0,0.0,0.0,0.0,0.0,0.0,4,"1199.9549048540348,1619.2045654640249,1441.2679947971878,1292.0386226894134"
24006,240.071999999,world,240.0719999994781,-0.1769349492616028,-0.6140852699985033,1.2660766616109782,0.10661103961269432,0.1017184215861964,0.5321458108579078,0.833731542481807,-0.8261135365504396,-0.2898485386036805,-0.1537008966640676,0.05544017728210378,1.24240143965434,0.7452705113497797,3.66154309869271,-0.9071133151719035,2.5790613025842846,0.0,0.0,0.0,0.0,0.0,0.0,0.0,0.0,0.0,0.0,0.0,0.0,0.0,0.0,0.0,4,"1228.1886327717045,1607.7535227696458,1394.9706830934708,1325.6193765594667"
24007,240.080999999,world,240.08099999947805,-0.18422064838477697,-0.6167285205319514,1.2647972346334861,0.10425871558226571,0.10693447869634397,0.5354876613367859,0.8312328807543269,-0.7928183535043277,-0.29732997608925094,-0.13067628502617248,0.27300174957421425,1.5016089676809345,0.7307315716882352,3.7346027359097533,-0.7679417455546123,2.539848644888154,0.0,0.0,0.0,0.0,0.0,0.0,0.0,0.0,0.0,0.0,0.0,0.0,0.0,0.0,0.0,4,"1273.2301370351759,1576.0045721465406,1355.7271304827573,1355.7831425513787"
24008,240.092999999,world,240.092999999478,-0.19346200959063245,-0.6203463420495245,1.2634103214527055,0.10155721197618238,0.11581807010865904,0.539796796000722,0.8275818547789007,-0.7471168763568146,-0.30523037565992844,-0.10060222336013279,0.5271828765220351,1.6921646728129203,0.7105629044494381,3.8781937582111903,-0.5638211595991871,2.4771128060153966,0.0,0.0,0.0,0.0,0.0,0.0,0.0,0.0,0.0,0.0,0.0,0.0,0.0,0.0,0.0,4,"1343.546090505195,1516.7784557989041,1318.8099468681094,1385.472455995826"
24009,240.101999999,world,240.10199999947795,-0.20002695104549995,-0.6231137887828624,1.262604486617751,0.0999893834875947,0.12334363059186369,0.5428644970859723,0.8246736383477911,-0.711556436680988,-0.30952406261170196,-0.0785411953136593,0.6665680474708948,1.7257800746438297,0.6954781010459435,4.012126005874972,-0.4079877965843526,2.4309630971540153,0.0,0.0,0.0,0.0,0.0,0.0,0.0,0.0,0.0,0.0,0.0,0.0,0.0,0.0,0.0,4,"1394.1789767073797,1470.1415979336484,1303.6059083124067,1398.2793723664943"
24010,240.110999999,world,240.1109999994779,-0.20626618666217633,-0.6259136239488033,1.2619953820060155,0.0988403356594051,0.13112107703389592,0.5457686201778592,0.821690005070868,-0.6747191790499479,-0.3124355475735479,-0.05687958281937274,0.7532929224355418,1.6837755606902254,0.6804938545494401,4.158979269531349,-0.25699201907836144,2.3879799979242904,0.0,0.0,0.0,0.0,0.0,0.0,0.0,0.0,0.0,0.0,0.0,0.0,0.0,0.0,0.0,4,"1436.9992188043514,1428.8692673253877,1298.218560590631,1403.2365422892308"
24011,240.122999999,world,240.12299999947786,-0.21405794479563836,-0.6296761873919998,1.2614832773496167,0.09788991172732149,0.14126183360953284,0.5493863075747203,0.817702479265353,-0.6235061811424162,-0.3142863119856894,-0.02858047285068769,0.7905615681372361,1.5490561435635508,0.6604997564115839,4.3593124400674865,-0.0702370120078677,2.333224779307825,0.0,0.0,0.0,0.0,0.0,0.0,0.0,0.0,0.0,0.0,0.0,0.0,0.0,0.0,0.0,4,"1476.7768498812386,1389.2051820938477,1303.1135465057384,1399.8813139019253"
24012,240.131999999,world,240.1319999994778,-0.2194911571283571,-0.6325055590712231,1.261318515723881,0.09741037165142542,0.14841970065630006,0.5519386831306003,0.8147677595584428,-0.5837071528786484,-0.31427094408994327,-0.008222445584252943,0.7328161949897339,1.4827904246185446,0.6405859080415289,4.472299497660259,0.05836412029652793,2.2097179787007035,0.0,0.0,0.0,0.0,0.0,0.0,0.0,0.0,0.0,0.0,0.0,0.0,0.0,0.0,0.0,4,"1491.5869398290372,1409.6788208373057,1356.5164934546274,1291.4368517802327"
24013,240.140999999,world,240.14099999947777,-0.22456181217944285,-0.6353296191560704,1.2613319955645323,0.09656331132521358,0.15524231568873925,0.5544315085939227,0.8118996567333766,-0.5429571608256247,-0.31310309030509703,0.011040374498292463,0.5798914502839337,1.50397595259942,0.6130237312493316,4.571618521020171,0.18804018815077317,2.0906759970636837,0.0,0.0,0.0,0.0,0.0,0.0,0.0,0.0,0.0,0.0,0.0,0.0,0.0,0.0,0.0,4,"1506.9747697791538,1415.5221293374361,1392.622224607587,1208.5825611811713"
24014,240.152999999,world,240.15299999947771,-0.23074502494016466,-0.6390683008174793,1.2616111949184425,0.09407154832683906,0.163887663524062,0.5577782798592889,0.8081922840866697,-0.4873851036324729,-0.3096240914677082,0.03517595436856011,0.2728769539781336,1.602492519282102,0.56841630899764,4.67274475455437,0.3803730788802806,1.9396980982632621,0.0,0.0,0.0,0.0,0.0,0.0,0.0,0.0,0.0,0.0,0.0,0.0,0.0,0.0,0.0,4,"1526.4972844742683,1408.9929854653133,1412.1910035502133,1142.1313238358669"
24015,240.161999999,world,240.16199999947767,-0.2349416064676463,-0.6418370062775947,1.2620041595572664,0.09083842187804116,0.1699580080795875,0.5603589982945213,0.8055187456730519,-0.4451392960610751,-0.3053974702677919,0.051947101612285385,-0.010735276384951635,1.6799077370506024,0.5308574041910594,4.707457826121253,0.5436491755305695,1.805233675285789,0.0,0.0,0.0,0.0,0.0,0.0,0.0,0.0,0.0,0.0,0.0,0.0,0.0,0.0,0.0,4,"1542.0314663531888,1392.7321655738272,1406.67911381391,1119.5455570160761"
24016,240.170999999,world,240.17099999947763,-0.23875716068727756,-0.6445608141322103,1.2625424091403723,0.08632914466009939,0.17552689479471886,0.5630171584013857,0.8029628056962591,-0.4027697523921585,-0.29962473500816045,0.0674423576698469,-0.3160820490264812,1.7316209486638592,0.4907643245286656,4.704086555495701,0.7218082432071116,1.657911676422208,0.0,0.0,0.0,0.0,0.0,0.0,0.0,0.0,0.0,0.0,0.0,0.0,0.0,0.0,0.0,4,"1554.8673132476488,1372.6947410447913,1386.9675913651347,1116.250213537125"
24017,240.182999999,world,240.18299999947757,-0.24325284460797333,-0.6480975702630233,1.2634658845756357,0.07843068221354495,0.1819168144844834,0.5666628833744901,0.7997800180681218,-0.34664403113141096,-0.28932769866235053,0.0860513656543499,-0.7179205803028472,1.7378930886928692,0.434528492616609,4.643300910371462,0.9750403290993415,1.4562820080526173,0.0,0.0,0.0,0.0,0.0,0.0,0.0,0.0,0.0,0.0,0.0,0.0,0.0,0.0,0.0,4,"1564.093852000632,1347.1564370695728,1344.4981919448023,1134.2771597023982"
24018,240.191999999,world,240.19199999947753,-0.24618590770388568,-0.6506589996303102,1.264296720157126,0.07129453251358786,0.1857333232119119,0.5694383627996225,0.7975964977696517,-0.3052836916341149,-0.27958957373253407,0.09834218745334887,-1.0019900565812128,1.680324937530008,0.39102920356809057,4.5544215037755515,1.1678308498035417,1.2981259511058856,0.0,0.0,0.0,0.0,0.0,0.0,0.0,0.0,0.0,0.0,0.0,0.0,0.0,0.0,0.0,4,"1568.1119451843126,1325.7627805438995,1304.8625879157294,1156.818463164987"
24019,240.200999999,world,240.2009999994775,-0.24875077815181296,-0.6531250146730834,1.2652319568098511,0.0633610708359409,0.18854882300036208,0.5722104236964394,0.7956192224053178,-0.2648644846756236,-0.26813055150951404,0.10927205778455112,-1.2586223275775088,1.5680359507925536,0.3471202430964094,4.437828656965959,1.3569120206630148,1.1530046611057665,0.0,0.0,0.0,0.0,0.0,0.0,0.0,0.0,0.0,0.0,0.0,0.0,0.0,0.0,0.0,4,"1567.6000530451677,1307.2507834474702,1262.8826607538592,1183.9496520943023"
24020,240.212999999,world,240.21299999947743,-0.25161449317496126,-0.6562383324951562,1.2666216589695882,0.05198072100587758,0.19057954866454885,0.5758351051442268,0.7933419010477536,-0.21281398488496792,-0.25028644641472453,0.1219949727232468,-1.5406989549811116,1.3475011543989683,0.28917806780766947,4.2456340203567144,1.5931178912020894,0.9828738414622562,0.0,0.0,0.0,0.0,0.0,0.0,0.0,0.0,0.0,0.0,0.0,0.0,0.0,0.0,0.0,4,"1557.5563147581615,1290.5167727473627,1208.8300807856651,1221.1176847596162"
24021,240.221999999,world,240.2219999994774,-0.2533605102893714,-0.6584238528200563,1.2677574414472308,0.04317864397359814,0.19072930690063541,0.5784545520786012,0.7919269331026376,-0.17544628452064903,-0.2351503525191842,0.1302259401795898,-1.7072669154094477,1.1324329696722475,0.24694900620577054,4.075604709012165,1.7503562246439786,0.8650784561495817,0.0,0.0,0.0,0.0,0.0,0.0,0.0,0.0,0.0,0.0,0.0,0.0,0.0,0.0,0.0,4,"1547.5113033452924,1278.5928706050556,1171.1087245277195,1246.7729420995304"
24022,240.230999999,world,240.23099999947735,-0.2547773681955465,-0.6604671003631634,1.2689627495175562,0.034416840753976705,0.18966223371082516,0.5809577525009035,0.7907792409929808,-0.13969153128433184,-0.2187024250718219,0.13746460700141166,-1.8347861199092041,0.8857361589147128,0.20637810928499237,3.8893700072985538,1.8863783571191062,0.7603514787667964,0.0,0.0,0.0,0.0,0.0,0.0,0.0,0.0,0.0,0.0,0.0,0.0,0.0,0.0,0.0,4,"1533.6991028263203,1270.1559531776697,1138.6948949390178,1268.5911936502846"
24023,240.242999999,world,240.2429999994773,-0.2561806558673982,-0.6629515031095308,1.2706638797030125,0.023148678741737802,0.18638161691899158,0.5840786525051279,0.789669651965281,-0.09472684416440952,-0.1950810058267812,0.1458150610923201,-1.9450904695855535,0.5336593848857415,0.15557664260155687,3.623173488980752,2.0307600537201043,0.6425303902250767,0.0,0.0,0.0,0.0,0.0,0.0,0.0,0.0,0.0,0.0,0.0,0.0,0.0,0.0,0.0,4,"1508.7740033200025,1266.2382661013032,1107.1541284654936,1289.253469431256"
24024,240.251999999,world,240.25199999947725,-0.2568897441031659,-0.6646236609805157,1.2720009799287846,0.015221479396235318,0.18259006381815227,0.5862389524257703,0.7891470495532558,-0.06316244292921686,-0.17639380804723043,0.15120830696496995,-1.990082554694621,0.2585100088752214,0.12018462005196291,3.4140256369292326,2.109347641847253,0.5681816450267829,0.0,0.0,0.0,0.0,0.0,0.0,0.0,0.0,0.0,0.0,0.0,0.0,0.0,0.0,0.0,4,"1490.0631623936554,1263.782111979419,1089.8019017363429,1300.157410198394"
24025,240.260999999,world,240.2609999994772,-0.2573233087286127,-0.6661248595802751,1.2733837921710827,0.00788140239761802,0.1777261742693844,0.5882364300740408,0.7888784398179248,-0.0335070181970783,-0.15712924468108613,0.15598861151375698,-2.007869073087682,-0.015645966380643507,0.08720768633494885,3.199732807358656,2.1618727036032404,0.5043921782807159,0.0,0.0,0.0,0.0,0.0,0.0,0.0,0.0,0.0,0.0,0.0,0.0,0.0,0.0,0.0,4,"1469.8849540638093,1263.5695961078156,1079.1196476544187,1306.008108294095"
24026,240.272999999,world,240.27299999947715,-0.257502784152217,-0.6678536205051062,1.2752900649710255,-0.0008703129605188022,0.16973541633310785,0.5906419761645508,0.7888797037508389,0.003014627572968179,-0.1309397761119432,0.16158206379339002,-1.997313240372503,-0.359155505308665,0.046933185987574996,2.910622467329185,2.1930659976582834,0.43509447868389506,0.0,0.0,0.0,0.0,0.0,0.0,0.0,0.0,0.0,0.0,0.0,0.0,0.0,0.0,0.0,4,"1440.3732771771101,1267.6554761910438,1075.9586389304059,1305.4332994365766"
24027,240.281999999,world,240.2819999994771,-0.2573612108403616,-0.6689432511042447,1.2767611649739752,-0.006614257678407108,0.16274787696198845,0.5922532224866861,0.7891169118665909,0.028119657675766976,-0.11120889030894313,0.16526241391037294,-1.9701388789774321,-0.5982383181713564,0.019333362693970946,2.69294049379562,2.188638609049123,0.3901862351116947,0.0,0.0,0.0,0.0,0.0,0.0,0.0,0.0,0.0,0.0,0.0,0.0,0.0,0.0,0.0,4,"1419.563406510874,1270.0260970000106,1077.031528315036,1302.1187370705602"
24028,240.290999999,world,240.29099999947707,-0.2570024869730935,-0.6698558263799701,1.2782636845349218,-0.011648540970522646,0.1550218809668988,0.5937015673692584,0.7895257923703497,0.051272866892680465,-0.09162594657704581,0.1685746174918358,-1.9311502581356168,-0.8162276343856448,-0.006203509023501994,2.4768866598610177,2.16289840823837,0.35228549463539593,0.0,0.0,0.0,0.0,0.0,0.0,0.0,0.0,0.0,0.0,0.0,0.0,0.0,0.0,0.0,4,"1398.8988777609457,1273.2217858609476,1081.8905872816424,1295.829891372462"
24029,240.302999999,world,240.302999999477,-0.256216548817822,-0.6708010987728227,1.2803108615346364,-0.01730677657610098,0.14376668909802984,0.5953850436475864,0.790283660713732,0.0791505177378732,-0.0660482953885499,0.17254115314496676,-1.8676474517635053,-1.0641694653757736,-0.037354138389596246,2.193862740702643,2.100147848265857,0.3131542090928363,0.0,0.0,0.0,0.0,0.0,0.0,0.0,0.0,0.0,0.0,0.0,0.0,0.0,0.0,0.0,4,"1371.3959181482842,1279.2264617861988,1094.097752518477,1283.0474590335257"
24030,240.311999999,world,240.31199999947697,-0.25541863809193005,-0.671311461269334,1.2818759909915878,-0.020817843302865114,0.13475372407264002,0.5964664364288605,0.7909714542653409,0.09785149493129361,-0.04746509563824262,0.17522931074995993,-1.813754880105821,-1.2203901459814885,-0.05875480446992339,1.9859563770941446,2.0346223499607548,0.2887680463996567,0.0,0.0,0.0,0.0,0.0,0.0,0.0,0.0,0.0,0.0,0.0,0.0,0.0,0.0,0.0,4,"1352.4589232110966,1282.8721404546052,1103.1653096923771,1273.596299564969"
24031,240.320999999,world,240.32099999947692,-0.2544607652652563,-0.6716574396432656,1.2834644039339005,-0.023756522603717318,0.1253653390804253,0.5973962241435471,0.7917303270495971,0.11470482844261114,-0.029537555478433546,0.17772221933904375,-1.7564405173291673,-1.3507584448365482,-0.07864688173032502,1.7828052354579849,1.9562529560959614,0.2690695015303002,0.0,0.0,0.0,0.0,0.0,0.0,0.0,0.0,0.0,0.0,0.0,0.0,0.0,0.0,0.0,4,"1334.3786700455553,1286.604669044994,1112.9592586540698,1263.7418160571438"
24032,240.332999999,world,240.33299999947687,-0.2529630890447906,-0.6718741714995957,1.2856159292187692,-0.02689004339399474,0.1124369624965056,0.5984062005782742,0.7928082202779577,0.13438306150099547,-0.006826514472623651,0.18082498522690685,-1.6781687914821581,-1.482960619631554,-0.10307793857236824,1.5202480225083026,1.8362019410764971,0.24999588852123167,0.0,0.0,0.0,0.0,0.0,0.0,0.0,0.0,0.0,0.0,0.0,0.0,0.0,0.0,0.0,4,"1311.6664842201847,1291.7788348461975,1127.2520327543975,1250.01292852497"
24033,240.341999999,world,240.34199999947683,-0.25169509814437796,-0.6718627868910585,1.287253255698572,-0.028727974796080795,0.10255538319034403,0.5989956642761209,0.7936380100658019,0.14710722181240116,0.009206883558850718,0.18300686350777126,-1.6167847271046039,-1.554922170227062,-0.11998061817781895,1.3296078479787254,1.7368903374034017,0.23750830617633167,0.0,0.0,0.0,0.0,0.0,0.0,0.0,0.0,0.0,0.0,0.0,0.0,0.0,0.0,0.0,4,"1295.8678190833136,1295.1945164798408,1135.9702307612763,1241.6855931117982"
24034,240.350999999,world,240.35099999947678,-0.25032021755176526,-0.6717112191706074,1.2889097446710198,-0.030182251280660682,0.09261137866254716,0.5994446260262257,0.7944673086906294,0.15814530580998587,0.02431693760086025,0.18508583642178342,-1.5530366885212397,-1.6056240536598443,-0.13578780971974258,1.1449360267582753,1.6319127817040722,0.22675016863474284,0.0,0.0,0.0,0.0,0.0,0.0,0.0,0.0,0.0,0.0,0.0,0.0,0.0,0.0,0.0,4,"1281.0679500777758,1298.3939936942602,1143.8988993622784,1234.3314040350338"
24035,240.362999999,world,240.36299999947673,-0.2483464894840695,-0.6713058135221939,1.2911468074768582,-0.03160659357374495,0.07939034248863726,0.5998313610168045,0.7955504604378838,0.17033733187604358,0.042958205080401594,0.18773180617753937,-1.4662083730019038,-1.643066721024976,-0.15533420196779346,0.9085870667676632,1.4861437077071036,0.21481670763456862,0.0,0.0,0.0,0.0,0.0,0.0,0.0,0.0,0.0,0.0,0.0,0.0,0.0,0.0,0.0,4,"1263.3446351828113,1301.9291735535646,1153.820284473794,1225.5852268029419"
24036,240.371999999,world,240.37199999947669,-0.24677936909162246,-0.6708607900769172,1.2928447356942252,-0.03233863662297444,0.06959621271874698,0.5999679121642186,0.7963347814392402,0.17765642616689534,0.055764902470032636,0.18955130936561848,-1.3969104930187897,-1.6518460687792857,-0.16894272392518309,0.7380862769102159,1.3723178988054585,0.1925543217632386,0.0,0.0,0.0,0.0,0.0,0.0,0.0,0.0,0.0,0.0,0.0,0.0,0.0,0.0,0.0,4,"1249.827657992889,1303.8100684826202,1158.3348179268871,1220.3355099105681"
24037,240.380999999,world,240.38099999947664,-0.24515316482106558,-0.670305132604434,1.2945581205840928,-0.03281230406713799,0.059980497182038364,0.5999779535155838,0.7970897991787709,0.18347861960906559,0.06754278231278966,0.1911672071279746,-1.3236623766838993,-1.6464313092214038,-0.18173135435110846,0.5751948501097892,1.2578256541136423,0.17003857290695534,0.0,0.0,0.0,0.0,0.0,0.0,0.0,0.0,0.0,0.0,0.0,0.0,0.0,0.0,0.0,4,"1237.3460790931376,1305.3494419877334,1162.0344860166044,1216.1506620025398"
24038,240.392999999,world,240.3929999994766,-0.24291562469237368,-0.6694081602254381,1.2968636290086326,-0.03308156581630069,0.04753217595646002,0.5998044896363438,0.7980481667569138,0.1890364064298873,0.0816486915703047,0.19302346852945487,-1.2223678470144232,-1.6211826660486357,-0.19762303148004842,0.3705164789504223,1.1059925832939825,0.14104325079875024,0.0,0.0,0.0,0.0,0.0,0.0,0.0,0.0,0.0,0.0,0.0,0.0,0.0,0.0,0.0,4,"1223.1776701377114,1306.0961737104203,1166.493626837945,1211.5306787398472"
24039,240.401999999,world,240.40199999947654,-0.24120158826800242,-0.6686303097879497,1.298606166168663,-0.03303255545536194,0.03854026215392276,0.5995424765398828,0.7987316929342542,0.19164564035034423,0.09103829484260127,0.19417171746558223,-1.1410545618150225,-1.5902559283371127,-0.20873261268459867,0.22674549863810345,0.9934566075211482,0.11749258471710489,0.0,0.0,0.0,0.0,0.0,0.0,0.0,0.0,0.0,0.0,0.0,0.0,0.0,0.0,0.0,4,"1212.6017367214708,1307.0003683127493,1168.5756275567771,1209.3960501169106"
24040,240.410999999,world,240.4109999994765,-0.23946975256693181,-0.6677724811741752,1.3003580781862083,-0.03277810550623723,0.029896009960816906,0.5991749705155889,0.799388002846858,0.1930051830410725,0.0994246329745244,0.19510606367954028,-1.055474395463567,-1.5507199240741554,-0.21919887669832594,0.0918731613153978,0.8828984632651277,0.093476137847881,0.0,0.0,0.0,0.0,0.0,0.0,0.0,0.0,0.0,0.0,0.0,0.0,0.0,0.0,0.0,4,"1203.012345560827,1307.4144104930222,1170.3823973961526,1207.7295945390156"
24041,240.422999999,world,240.42299999947645,-0.23715165087385812,-0.6665197187095382,1.3027052545816644,-0.032134734269272214,0.0189706721009805,0.5985343156227915,0.8002275585578376,0.19301536662534774,0.10908238878236357,0.19602420569995513,-0.9387027215784665,-1.4883322870887852,-0.23221442568743678,-0.07366015927143255,0.7394381016001816,0.06161653123251676,0.0,0.0,0.0,0.0,0.0,0.0,0.0,0.0,0.0,0.0,0.0,0.0,0.0,0.0,0.0,4,"1192.9073091187213,1306.2030013494311,1173.0330880816216,1205.647419415418"
24042,240.431999999,world,240.4319999994764,-0.23541931316511208,-0.6655096845661774,1.3044715578394797,-0.03143339448930076,0.011266635268819632,0.5979513189138674,0.8008365781167627,0.19177968121497965,0.11521352556982878,0.1964496994286358,-0.8472272108591107,-1.4340497827899599,-0.2412953021621347,-0.18678457963750006,0.6351848510309233,0.03630689978095791,0.0,0.0,0.0,0.0,0.0,0.0,0.0,0.0,0.0,0.0,0.0,0.0,0.0,0.0,0.0,4,"1184.9912934491722,1305.8463212162585,1174.649970319781,1204.548093824097"
24043,240.440999999,world,240.44099999947636,-0.23370252512275147,-0.6644486409578007,1.3062406625778993,-0.03055016293892462,0.0040159499142042535,0.597289542308976,0.8014335670153988,0.18957454773399884,0.12042285152621934,0.1966464027592958,-0.7534372634387057,-1.374282322266963,-0.24981270831121002,-0.29014702991303487,0.5342644551615261,0.010758311156322531,0.0,0.0,0.0,0.0,0.0,0.0,0.0,0.0,0.0,0.0,0.0,0.0,0.0,0.0,0.0,4,"1178.0251177485732,1304.901784204185,1176.467736112957,1203.407677114062"
24044,240.452999999,world,240.4529999994763,-0.23145194314074088,-0.6629686215688598,1.3086003076936816,-0.029105096816346845,-0.004917020798825133,0.5962991665884031,0.8022194339279939,0.18527878573687376,0.12598971809666545,0.196559216005937,-0.6296277559980651,-1.2894297847812652,-0.26031283108239045,-0.4127199628399525,0.40537101122592456,-0.022801536002453604,0.0,0.0,0.0,0.0,0.0,0.0,0.0,0.0,0.0,0.0,0.0,0.0,0.0,0.0,0.0,4,"1171.5001542821956,1301.6182815529353,1179.5279339205672,1201.5332975641645"
24045,240.461999999,world,240.46199999947626,-0.22980245288575166,-0.6618197634133295,1.3103680021085544,-0.027834420515388952,-0.01104760305614965,0.5954859783091687,0.8028073524441954,0.18115469710147072,0.1291742042608408,0.1962232624969963,-0.536328852219323,-1.220632546322065,-0.2675410335047765,-0.49320293181290276,0.31321984434637407,-0.048515522608705286,0.0,0.0,0.0,0.0,0.0,0.0,0.0,0.0,0.0,0.0,0.0,0.0,0.0,0.0,0.0,4,"1166.0411863993556,1299.806458017344,1181.9336334589664,1200.1109012155569"
24046,240.47099999900001,world,240.47099999947622,-0.22819318446744016,-0.6606459116188305,1.3121316371993608,-0.026416094092219386,-0.01667394420287966,0.5946211075235972,0.8033989718969282,0.17635529095594224,0.13155018807889596,0.19565766633728437,-0.44390316141575936,-1.1480360549533695,-0.2742142870203302,-0.5638899038375722,0.22527335451930086,-0.0738878370244167,0.0,0.0,0.0,0.0,0.0,0.0,0.0,0.0,0.0,0.0,0.0,0.0,0.0,0.0,0.0,4,"1161.476539711534,1297.3781809616135,1184.64861757503,1198.5004484312976"
24047,240.482999999,world,240.48299999947616,-0.22611977371998038,-0.6590541211841427,1.3144733379462499,-0.024322231076583822,-0.023387573190152323,0.5934002945667991,0.8041999383883145,0.16905576575287456,0.1335280782917594,0.19455984162943002,-0.3266322741627923,-1.0487546778050252,-0.282247701581482,-0.6433186870790641,0.11489082033067088,-0.1063924219459611,0.0,0.0,0.0,0.0,0.0,0.0,0.0,0.0,0.0,0.0,0.0,0.0,0.0,0.0,0.0,4,"1158.0658999917118,1292.1023845355203,1188.7293201102436,1196.0797014336285"
24048,240.491999999,world,240.49199999947612,-0.22462512790830558,-0.6578489521627792,1.316219680355285,-0.022622626187809667,-0.027831906222352758,0.5924427349777514,0.8048137719699375,0.16301533086951997,0.13417155792187335,0.19348042413853173,-0.2419218307953654,-0.9707872203041029,-0.28760465510906813,-0.6921039974587817,0.03749374258726901,-0.13034980648121697,0.0,0.0,0.0,0.0,0.0,0.0,0.0,0.0,0.0,0.0,0.0,0.0,0.0,0.0,0.0,4,"1154.8269207923374,1288.8576994354587,1191.9849218907416,1194.160054949089"
24049,240.500999999,world,240.50099999947608,-0.22318668000994993,-0.6566410503194843,1.3179553533817447,-0.020832801836613093,-0.03176826090937786,0.5914560972902254,0.8054417775014192,0.15658071601376422,0.13414270329026343,0.19219035339753662,-0.16097540706274013,-0.8904550493388746,-0.29238093100939444,-0.7319565290519747,-0.03502739721750192,-0.15332280801272358,0.0,0.0,0.0,0.0,0.0,0.0,0.0,0.0,0.0,0.0,0.0,0.0,0.0,0.0,0.0,4,"1152.3849941887686,1285.0628336897157,1195.37229551286,1192.1942567722374"
24050,240.512999999,world,240.51299999947602,-0.2213615874023112,-0.655036317892712,1.3202498248378745,-0.01834161235008985,-0.03624387918216827,0.5901048123590609,0.8063040846410894,0.14752260840352335,0.13313565607705988,0.1901640496815628,-0.06241848344467615,-0.7833232330822014,-0.2978465821556107,-0.7719885447273478,-0.12391908148301489,-0.18180294763817106,0.0,0.0,0.0,0.0,0.0,0.0,0.0,0.0,0.0,0.0,0.0,0.0,0.0,0.0,0.0,4,"1151.5447002355515,1278.1868543825894,1199.8399269961872,1189.725590065834"
24051,240.521999999,world,240.52199999947598,-0.22006550478846007,-0.6538440905861291,1.3219536110389705,-0.01642229877766548,-0.039036257284919995,0.5890707940280372,0.8069709278178616,0.14046523137524516,0.13171317821514167,0.18842501647155674,0.00573998860948992,-0.7013590691167887,-0.301247698061609,-0.7927649819902682,-0.18458612663643792,-0.20195781227005938,0.0,0.0,0.0,0.0,0.0,0.0,0.0,0.0,0.0,0.0,0.0,0.0,0.0,0.0,0.0,4,"1150.2027372018697,1273.783645424891,1203.2896150849924,1187.8634035652096"
24052,240.530999999,world,240.53099999947594,-0.2188336613848425,-0.6526670395813744,1.3236409528964717,-0.014482754907796942,-0.041355799368759806,0.5880239413239858,0.8076557386031857,0.13325833233769663,0.12977109950920798,0.1865119404229694,0.06846405048244408,-0.6187616509264056,-0.304047465871528,-0.8061142455074166,-0.23995671211221592,-0.22065581559638225,0.0,0.0,0.0,0.0,0.0,0.0,0.0,0.0,0.0,0.0,0.0,0.0,0.0,0.0,0.0,4,"1149.523840526298,1268.9696446108292,1206.616114958598,1186.1797965868718"
24053,240.542999999,world,240.54299999947588,-0.21729287148663404,-0.6511288940828227,1.3258625956759151,-0.011900283164392875,-0.0437464498480919,0.5866144342681702,0.8085963992589444,0.12352658154445513,0.12645617395158165,0.1837170546012105,0.14150118695920832,-0.5113583694220806,-0.30686527759402954,-0.8133318702801123,-0.30550719093100365,-0.2429362769662824,0.0,0.0,0.0,0.0,0.0,0.0,0.0,0.0,0.0,0.0,0.0,0.0,0.0,0.0,0.0,4,"1150.6451692099806,1261.1199726836887,1210.4968591079717,1184.5213345071477"
24054,240.551999999,world,240.55199999947584,-0.21621406509308158,-0.6500038577629457,1.3275059643238294,-0.009991336859769096,-0.04503946442054706,0.5855510752823787,0.809321665389056,0.1162114163321255,0.12348791674464409,0.181453557294237,0.18958511969395384,-0.4314248071470905,-0.3082801685123599,-0.8115034957969502,-0.34845713614679863,-0.25798570716914493,0.0,0.0,0.0,0.0,0.0,0.0,0.0,0.0,0.0,0.0,0.0,0.0,0.0,0.0,0.0,4,"1150.8113803148137,1255.996521434923,1213.421062215128,1183.3489138040109"
24055,240.560999999,world,240.5609999994758,-0.2152009304738136,-0.6489071911338288,1.3291283785389916,-0.008126599151582547,-0.045924173771391,0.5844854414150048,0.8100627737549428,0.10894127303898016,0.12015980317676178,0.17906299274372714,0.23187593712147092,-0.3527897106901484,-0.30910592601411563,-0.804034761242356,-0.3860704179327462,-0.2713812984175279,0.0,0.0,0.0,0.0,0.0,0.0,0.0,0.0,0.0,0.0,0.0,0.0,0.0,0.0,0.0,4,"1151.4855421835152,1250.635522526162,1216.0456654967713,1182.5040663076677"
24056,240.572999999,world,240.57299999947574,-0.21395110071408213,-0.6474942644008772,1.331257170981186,-0.005735537709011512,-0.04651278318603842,0.5830649287579003,0.8110727177386883,0.09939993762688784,0.11524470099099297,0.17570545795035872,0.27833053625116255,-0.2533550015705466,-0.3093372128149621,-0.7862849437569597,-0.4280998196896091,-0.28652262498152226,0.0,0.0,0.0,0.0,0.0,0.0,0.0,0.0,0.0,0.0,0.0,0.0,0.0,0.0,0.0,4,"1153.9478617533086,1242.5188146249563,1218.69340460907,1182.1955210489152"
24057,240.581999999,world,240.5819999994757,-0.2130880702692899,-0.6464748218490646,1.3328267579289577,-0.004031339819974201,-0.04654473485313185,0.5820022735520055,0.8118440056667315,0.09241264809342285,0.11126011554304079,0.1730774227730206,0.30679489026180234,-0.18157554447517849,-0.3088582551519806,-0.7678251827813037,-0.4536953315510128,-0.2960970426414411,0.0,0.0,0.0,0.0,0.0,0.0,0.0,0.0,0.0,0.0,0.0,0.0,0.0,0.0,0.0,4,"1155.2033423688206,1237.1628942209006,1220.6937809046356,1182.028081101823"
24058,240.590999999,world,240.59099999947566,-0.21228711522080532,-0.6454921987593949,1.3343723304917385,-0.00241708857222165,-0.04625193636835354,0.5809438500519924,0.8126248575768403,0.08561115780125901,0.10707000845766382,0.17037130607350784,0.33001683885174143,-0.11282723087577895,-0.3078425440497818,-0.7455034527734661,-0.4743435950382291,-0.3040815863208368,0.0,0.0,0.0,0.0,0.0,0.0,0.0,0.0,0.0,0.0,0.0,0.0,0.0,0.0,0.0,4,"1156.8046702769452,1231.743141242859,1222.344226190036,1182.2111098325272"
24059,240.602999999,world,240.6029999994756,-0.21131255051268008,-0.6442421094870255,1.3363946544274052,-0.0004192056686712342,-0.0454056592186223,0.5795415540297141,0.8136766787430703,0.07688653847442921,0.10123847287879305,0.16666639746144424,0.35278766125208183,-0.028594188470315175,-0.3057219904780994,-0.7106225271433092,-0.49455418924161665,-0.31230695501910377,0.0,0.0,0.0,0.0,0.0,0.0,0.0,0.0,0.0,0.0,0.0,0.0,0.0,0.0,0.0,4,"1160.0169373849662,1224.0168919137732,1223.63549382072,1183.2687446283842"
24060,240.611999999,world,240.61199999947556,-0.21064889859128705,-0.64335116586965,1.3378819272352114,0.0009547327228954013,-0.044465806957935644,0.5784980562857982,0.8144703060091024,0.0706359332973638,0.09673439619684628,0.16383199553860683,0.36448981894246874,0.03013636311758902,-0.3035655902737487,-0.6812554514919189,-0.5045315669836431,-0.31683570752111256,0.0,0.0,0.0,0.0,0.0,0.0,0.0,0.0,0.0,0.0,0.0,0.0,0.0,0.0,0.0,4,"1161.9418174447574,1218.8806174963254,1224.6865167721016,1184.0482066598083"
24061,240.620999999,world,240.62099999947552,-0.21004027560158303,-0.6425010960644446,1.3393435287972328,0.00221566957025986,-0.0432932429111894,0.5774628038138213,0.8152652918762509,0.06466123892393559,0.09216168043057957,0.1609636732862148,0.3719300778074229,0.0846641509054457,-0.30095491925749085,-0.6496297145484053,-0.5103117380180211,-0.3200268224155256,0.0,0.0,0.0,0.0,0.0,0.0,0.0,0.0,0.0,0.0,0.0,0.0,0.0,0.0,0.0,4,"1164.0555886519144,1213.8325964949936,1225.4330459293053,1185.1065561366706"
24062,240.632999999,world,240.63299999947546,-0.2093099186514151,-0.6414319860679567,1.3412519725088121,0.003717644409273515,-0.041417029591024335,0.5760968146483401,0.8163230175193754,0.05715503205765403,0.08602052004212879,0.15710581924187775,0.375748280608047,0.1489880238384895,-0.2968475329597427,-0.6046985409160696,-0.5119909322851973,-0.3223988338069972,0.0,0.0,0.0,0.0,0.0,0.0,0.0,0.0,0.0,0.0,0.0,0.0,0.0,0.0,0.0,4,"1167.4865791173963,1207.0258510659808,1225.627185375841,1187.169213988661"
24063,240.641999999,world,240.64199999947542,-0.2088194628811324,-0.640678504529389,1.3426528581142765,0.004708721046994095,-0.039811214248076744,0.5750841118037937,0.8171114731277718,0.051888087594696736,0.08142440594459623,0.15420151427422762,0.37446528773810744,0.19193927067221908,-0.2933093490306289,-0.5694658265402649,-0.5091267054201376,-0.32284147333624946,0.0,0.0,0.0,0.0,0.0,0.0,0.0,0.0,0.0,0.0,0.0,0.0,0.0,0.0,0.0,4,"1169.688374880351,1202.4741239054351,1225.9365071086347,1188.6106753477159"
24064,240.650999999,world,240.65099999947537,-0.20837496712329628,-0.6399662200749411,1.3440276032665415,0.005583287912573971,-0.038063379057655625,0.5740823655862961,0.8178932959705935,0.046943020906222904,0.07687043735464522,0.15129829870541936,0.3700011459162092,0.2302268075216758,-0.2894123538088512,-0.5333294812558883,-0.5030304081790893,-0.3222980722493718,0.0,0.0,0.0,0.0,0.0,0.0,0.0,0.0,0.0,0.0,0.0,0.0,0.0,0.0,0.0,4,"1171.9401422093786,1198.1275868964913,1226.0273564689853,1190.2229816405065"
24065,240.662999999,world,240.66299999947532,-0.20784873165243953,-0.6390796833142569,1.3458200186332387,0.006572592906315204,-0.03555668342335909,0.5727649149403168,0.818921776178794,0.0408609306276387,0.07091132083242534,0.14744190577782607,0.3599568016653506,0.2730633883791304,-0.28373937786313014,-0.48434002791112457,-0.4904181286048692,-0.3203247298284029,0.0,0.0,0.0,0.0,0.0,0.0,0.0,0.0,0.0,0.0,0.0,0.0,0.0,0.0,0.0,4,"1175.151974386473,1192.5995950038057,1225.5252120100056,1192.8050762577197"
24066,240.671999999,world,240.67199999947528,-0.2075000176156301,-0.6384611569106902,1.3471340608188207,0.007186252452682198,-0.0335764416310959,0.5717913272353584,0.8196802171832056,0.03668645716278997,0.06655779640236816,0.14457119910284388,0.34949194506375825,0.29985237733327935,-0.27913811067345035,-0.44742333885555013,-0.4780166586946244,-0.3178725023280371,0.0,0.0,0.0,0.0,0.0,0.0,0.0,0.0,0.0,0.0,0.0,0.0,0.0,0.0,0.0,4,"1177.2995777198703,1188.8813729570982,1225.3642746879673,1194.574145004035"
24067,240.680999999,world,240.68099999947523,-0.20718738044752863,-0.6378812741078481,1.3484223763257197,0.007693327903142942,-0.031535406211116244,0.5708309014367806,0.8204257509523619,0.03284355833968281,0.062327144672037975,0.14172578926059956,0.3368712846155043,0.32215901032665745,-0.27427133182257823,-0.4106840020938543,-0.463405516515962,-0.3147988537091362,0.0,0.0,0.0,0.0,0.0,0.0,0.0,0.0,0.0,0.0,0.0,0.0,0.0,0.0,0.0,4,"1179.388692001612,1185.4427792156562,1225.068743963388,1196.4139013772071"
24068,240.692999999,world,240.69299999947518,-0.206821516898188,-0.6371661281133023,1.3501005388718212,0.008212708502179799,-0.02875640884119101,0.5695718913259051,0.8213972735412797,0.028230145209911146,0.056908915364182494,0.13797787507328532,0.317712299420829,0.34472186722432,-0.2674443098887312,-0.3624195402184317,-0.4410030069007323,-0.31005171505144036,0.0,0.0,0.0,0.0,0.0,0.0,0.0,0.0,0.0,0.0,0.0,0.0,0.0,0.0,0.0,4,"1182.0713933584982,1181.3678075193607,1224.2313968068217,1199.0926186301851"
24069,240.701999999,world,240.70199999947513,-0.20658156387437535,-0.6366715208413812,1.35132985007326,0.00849185289274493,-0.02665481204787719,0.5686446132812166,0.8221074827632916,0.02514568990362329,0.05303183327720487,0.13520870770701746,0.30151840131530244,0.356868212646631,-0.26207821814929877,-0.3270808089705646,-0.422403284882418,-0.30585688642689735,0.0,0.0,0.0,0.0,0.0,0.0,0.0,0.0,0.0,0.0,0.0,0.0,0.0,0.0,0.0,4,"1183.92659625681,1178.604804767046,1223.8279410189798,1200.9162873919975"
24070,240.710999999,world,240.7109999994751,-0.2063679543456506,-0.6362110332947976,1.35253441397493,0.00868188934698126,-0.024558623701778436,0.5677326032933394,0.8228008203429364,0.022374551561200842,0.04932861443214276,0.13247893476799294,0.2840831955704957,0.36515907792170527,-0.2565285596709278,-0.29271926364555706,-0.4025488617724268,-0.30135111318990715,0.0,0.0,0.0,0.0,0.0,0.0,0.0,0.0,0.0,0.0,0.0,0.0,0.0,0.0,0.0,4,"1185.6531450235543,1176.1523870746769,1223.353088249983,1202.737073166875"
24071,240.722999999,world,240.72299999947504,-0.2061193331041919,-0.6356473272607254,1.354102623238772,0.0088077939647507,-0.021799681043427825,0.5665414201981517,0.8236977697382339,0.019150133798726016,0.04467847446686859,0.12890207896634848,0.25997002571053013,0.37056426691736416,-0.24890906915339064,-0.24872137826030885,-0.37456855815826834,-0.2951693750341544,0.0,0.0,0.0,0.0,0.0,0.0,0.0,0.0,0.0,0.0,0.0,0.0,0.0,0.0,0.0,4,"1187.6443632353914,1173.5295303128835,1222.4291518504085,1205.2249596945792"
24072,240.731999999,world,240.731999999475,-0.2059565548707244,-0.6352600501253342,1.355250869123639,0.008814943785663207,-0.019776248902806774,0.5656674591724815,0.8243491507721343,0.017069834289199226,0.041415836767628986,0.12627119461878672,0.241022219968508,0.3707552640382486,-0.24303298247843566,-0.21729257155842993,-0.3527858558096744,-0.29015703302268103,0.0,0.0,0.0,0.0,0.0,0.0,0.0,0.0,0.0,0.0,0.0,0.0,0.0,0.0,0.0,4,"1189.0773209950962,1171.7238740459154,1221.935124733828,1206.9234185262833"
24073,240.740999999,world,240.74099999947495,-0.20581124961278022,-0.6349012467443657,1.356375641705734,0.008753685901511913,-0.01780677966110581,0.5648108413172548,0.8249818210795519,0.015264987737269956,0.03835162009362029,0.12368591935841372,0.22161047577917478,0.367941342189039,-0.23704064090246602,-0.18736455603878854,-0.33055991391063577,-0.2850552502852849,0.0,0.0,0.0,0.0,0.0,0.0,0.0,0.0,0.0,0.0,0.0,0.0,0.0,0.0,0.0,4,"1190.3500015709776,1170.2220951289396,1221.4118000455476,1208.5718890778674"
24074,240.752999999,world,240.7529999994749,-0.20564053104680083,-0.6344640194085006,1.3578395224111306,0.008577106269520908,-0.015282737782644632,0.563696683763506,0.8257959311403358,0.013262681605455108,0.03457956355705395,0.1203079721461105,0.19601342540111344,0.36021785454080535,-0.22892581871350587,-0.14995534822793455,-0.3005868712425003,-0.27839319856330647,0.0,0.0,0.0,0.0,0.0,0.0,0.0,0.0,0.0,0.0,0.0,0.0,0.0,0.0,0.0,4,"1191.6275164299477,1168.9103412422392,1220.544374932975,1210.7073765257983"
24075,240.764999999,world,240.76499999947484,-0.2054912271924746,-0.6340698974390921,1.3592633667997476,0.008306051895147583,-0.012894847477469126,0.5626157564461128,0.8265762173018386,0.011689816112722684,0.031167287214378857,0.11701325637403755,0.17035072535252588,0.3482454283064854,-0.22067164090457644,-0.11556857442291887,-0.270658839746446,-0.27135562416025216,0.0,0.0,0.0,0.0,0.0,0.0,0.0,0.0,0.0,0.0,0.0,0.0,0.0,0.0,0.0,4,"1193.067272686788,1167.5060782520748,1219.9521726870857,1212.661074943907"
